
     Program PROJWFC v.7.5 starts on 10Jul2026 at 19:27:10 

     This program is part of the open-source Quantum ESPRESSO suite
     for quantum simulation of materials; please cite
         "P. Giannozzi et al., J. Phys.:Condens. Matter 21 395502 (2009);
         "P. Giannozzi et al., J. Phys.:Condens. Matter 29 465901 (2017);
         "P. Giannozzi et al., J. Chem. Phys. 152 154105 (2020);
          URL http://www.quantum-espresso.org", 
     in publications or presentations arising from this work. More details at
     http://www.quantum-espresso.org/quote

     Parallel version (MPI), running on     3 processors

     MPI processes distributed on     1 nodes
     R & G space division:  proc/nbgrp/npool/nimage =       3
     17543 MiB available memory on the printing compute node when the environment starts


     Reading xml data from directory:

     /home/nihal/Desktop/OtptfGG/gqd_1.save/

     IMPORTANT: XC functional enforced from input :
     Exchange-correlation= PBE
                           (   1   4   3   4   0   0   0)
     Any further DFT definition will be discarded
     Please, verify this is what you really want


     Parallelization info
     --------------------
     sticks:   dense  smooth     PW     G-vecs:    dense   smooth      PW
     Min       24868   12435   3109              5462281  1931206  241425
     Max       24869   12436   3110              5462282  1931207  241426
     Sum       74605   37307   9329             16386845  5793619  724277

     Using Slab Decomposition

     Message from routine read_rhog:
     Conversion: Gamma charge to K charge

     negative rho (up, down):  1.103E-02 0.000E+00

     Gaussian broadening (default values): ngauss,degauss=   0    0.000735


     Calling projwave .... 
     Subspace diagonalization in iterative solution of the eigenvalue problem:
     a serial algorithm will be used


  Problem Sizes 
  natomwfc =          142
  nbnd     =          120
  nkstot   =            1
  npwx     =       241425
  nkb      =          284


     Atomic states used for projection
     (read from pseudopotential files):

     state #   1: atom   1 (C  ), wfc  1 (l=0 m= 1)
     state #   2: atom   1 (C  ), wfc  2 (l=1 m= 1)
     state #   3: atom   1 (C  ), wfc  2 (l=1 m= 2)
     state #   4: atom   1 (C  ), wfc  2 (l=1 m= 3)
     state #   5: atom   2 (C  ), wfc  1 (l=0 m= 1)
     state #   6: atom   2 (C  ), wfc  2 (l=1 m= 1)
     state #   7: atom   2 (C  ), wfc  2 (l=1 m= 2)
     state #   8: atom   2 (C  ), wfc  2 (l=1 m= 3)
     state #   9: atom   3 (C  ), wfc  1 (l=0 m= 1)
     state #  10: atom   3 (C  ), wfc  2 (l=1 m= 1)
     state #  11: atom   3 (C  ), wfc  2 (l=1 m= 2)
     state #  12: atom   3 (C  ), wfc  2 (l=1 m= 3)
     state #  13: atom   4 (C  ), wfc  1 (l=0 m= 1)
     state #  14: atom   4 (C  ), wfc  2 (l=1 m= 1)
     state #  15: atom   4 (C  ), wfc  2 (l=1 m= 2)
     state #  16: atom   4 (C  ), wfc  2 (l=1 m= 3)
     state #  17: atom   5 (C  ), wfc  1 (l=0 m= 1)
     state #  18: atom   5 (C  ), wfc  2 (l=1 m= 1)
     state #  19: atom   5 (C  ), wfc  2 (l=1 m= 2)
     state #  20: atom   5 (C  ), wfc  2 (l=1 m= 3)
     state #  21: atom   6 (C  ), wfc  1 (l=0 m= 1)
     state #  22: atom   6 (C  ), wfc  2 (l=1 m= 1)
     state #  23: atom   6 (C  ), wfc  2 (l=1 m= 2)
     state #  24: atom   6 (C  ), wfc  2 (l=1 m= 3)
     state #  25: atom   7 (C  ), wfc  1 (l=0 m= 1)
     state #  26: atom   7 (C  ), wfc  2 (l=1 m= 1)
     state #  27: atom   7 (C  ), wfc  2 (l=1 m= 2)
     state #  28: atom   7 (C  ), wfc  2 (l=1 m= 3)
     state #  29: atom   8 (C  ), wfc  1 (l=0 m= 1)
     state #  30: atom   8 (C  ), wfc  2 (l=1 m= 1)
     state #  31: atom   8 (C  ), wfc  2 (l=1 m= 2)
     state #  32: atom   8 (C  ), wfc  2 (l=1 m= 3)
     state #  33: atom   9 (C  ), wfc  1 (l=0 m= 1)
     state #  34: atom   9 (C  ), wfc  2 (l=1 m= 1)
     state #  35: atom   9 (C  ), wfc  2 (l=1 m= 2)
     state #  36: atom   9 (C  ), wfc  2 (l=1 m= 3)
     state #  37: atom  10 (C  ), wfc  1 (l=0 m= 1)
     state #  38: atom  10 (C  ), wfc  2 (l=1 m= 1)
     state #  39: atom  10 (C  ), wfc  2 (l=1 m= 2)
     state #  40: atom  10 (C  ), wfc  2 (l=1 m= 3)
     state #  41: atom  11 (C  ), wfc  1 (l=0 m= 1)
     state #  42: atom  11 (C  ), wfc  2 (l=1 m= 1)
     state #  43: atom  11 (C  ), wfc  2 (l=1 m= 2)
     state #  44: atom  11 (C  ), wfc  2 (l=1 m= 3)
     state #  45: atom  12 (C  ), wfc  1 (l=0 m= 1)
     state #  46: atom  12 (C  ), wfc  2 (l=1 m= 1)
     state #  47: atom  12 (C  ), wfc  2 (l=1 m= 2)
     state #  48: atom  12 (C  ), wfc  2 (l=1 m= 3)
     state #  49: atom  13 (C  ), wfc  1 (l=0 m= 1)
     state #  50: atom  13 (C  ), wfc  2 (l=1 m= 1)
     state #  51: atom  13 (C  ), wfc  2 (l=1 m= 2)
     state #  52: atom  13 (C  ), wfc  2 (l=1 m= 3)
     state #  53: atom  14 (C  ), wfc  1 (l=0 m= 1)
     state #  54: atom  14 (C  ), wfc  2 (l=1 m= 1)
     state #  55: atom  14 (C  ), wfc  2 (l=1 m= 2)
     state #  56: atom  14 (C  ), wfc  2 (l=1 m= 3)
     state #  57: atom  15 (C  ), wfc  1 (l=0 m= 1)
     state #  58: atom  15 (C  ), wfc  2 (l=1 m= 1)
     state #  59: atom  15 (C  ), wfc  2 (l=1 m= 2)
     state #  60: atom  15 (C  ), wfc  2 (l=1 m= 3)
     state #  61: atom  16 (C  ), wfc  1 (l=0 m= 1)
     state #  62: atom  16 (C  ), wfc  2 (l=1 m= 1)
     state #  63: atom  16 (C  ), wfc  2 (l=1 m= 2)
     state #  64: atom  16 (C  ), wfc  2 (l=1 m= 3)
     state #  65: atom  17 (C  ), wfc  1 (l=0 m= 1)
     state #  66: atom  17 (C  ), wfc  2 (l=1 m= 1)
     state #  67: atom  17 (C  ), wfc  2 (l=1 m= 2)
     state #  68: atom  17 (C  ), wfc  2 (l=1 m= 3)
     state #  69: atom  18 (C  ), wfc  1 (l=0 m= 1)
     state #  70: atom  18 (C  ), wfc  2 (l=1 m= 1)
     state #  71: atom  18 (C  ), wfc  2 (l=1 m= 2)
     state #  72: atom  18 (C  ), wfc  2 (l=1 m= 3)
     state #  73: atom  19 (C  ), wfc  1 (l=0 m= 1)
     state #  74: atom  19 (C  ), wfc  2 (l=1 m= 1)
     state #  75: atom  19 (C  ), wfc  2 (l=1 m= 2)
     state #  76: atom  19 (C  ), wfc  2 (l=1 m= 3)
     state #  77: atom  20 (C  ), wfc  1 (l=0 m= 1)
     state #  78: atom  20 (C  ), wfc  2 (l=1 m= 1)
     state #  79: atom  20 (C  ), wfc  2 (l=1 m= 2)
     state #  80: atom  20 (C  ), wfc  2 (l=1 m= 3)
     state #  81: atom  21 (C  ), wfc  1 (l=0 m= 1)
     state #  82: atom  21 (C  ), wfc  2 (l=1 m= 1)
     state #  83: atom  21 (C  ), wfc  2 (l=1 m= 2)
     state #  84: atom  21 (C  ), wfc  2 (l=1 m= 3)
     state #  85: atom  22 (C  ), wfc  1 (l=0 m= 1)
     state #  86: atom  22 (C  ), wfc  2 (l=1 m= 1)
     state #  87: atom  22 (C  ), wfc  2 (l=1 m= 2)
     state #  88: atom  22 (C  ), wfc  2 (l=1 m= 3)
     state #  89: atom  23 (C  ), wfc  1 (l=0 m= 1)
     state #  90: atom  23 (C  ), wfc  2 (l=1 m= 1)
     state #  91: atom  23 (C  ), wfc  2 (l=1 m= 2)
     state #  92: atom  23 (C  ), wfc  2 (l=1 m= 3)
     state #  93: atom  24 (C  ), wfc  1 (l=0 m= 1)
     state #  94: atom  24 (C  ), wfc  2 (l=1 m= 1)
     state #  95: atom  24 (C  ), wfc  2 (l=1 m= 2)
     state #  96: atom  24 (C  ), wfc  2 (l=1 m= 3)
     state #  97: atom  25 (C  ), wfc  1 (l=0 m= 1)
     state #  98: atom  25 (C  ), wfc  2 (l=1 m= 1)
     state #  99: atom  25 (C  ), wfc  2 (l=1 m= 2)
     state # 100: atom  25 (C  ), wfc  2 (l=1 m= 3)
     state # 101: atom  26 (C  ), wfc  1 (l=0 m= 1)
     state # 102: atom  26 (C  ), wfc  2 (l=1 m= 1)
     state # 103: atom  26 (C  ), wfc  2 (l=1 m= 2)
     state # 104: atom  26 (C  ), wfc  2 (l=1 m= 3)
     state # 105: atom  27 (C  ), wfc  1 (l=0 m= 1)
     state # 106: atom  27 (C  ), wfc  2 (l=1 m= 1)
     state # 107: atom  27 (C  ), wfc  2 (l=1 m= 2)
     state # 108: atom  27 (C  ), wfc  2 (l=1 m= 3)
     state # 109: atom  28 (C  ), wfc  1 (l=0 m= 1)
     state # 110: atom  28 (C  ), wfc  2 (l=1 m= 1)
     state # 111: atom  28 (C  ), wfc  2 (l=1 m= 2)
     state # 112: atom  28 (C  ), wfc  2 (l=1 m= 3)
     state # 113: atom  29 (C  ), wfc  1 (l=0 m= 1)
     state # 114: atom  29 (C  ), wfc  2 (l=1 m= 1)
     state # 115: atom  29 (C  ), wfc  2 (l=1 m= 2)
     state # 116: atom  29 (C  ), wfc  2 (l=1 m= 3)
     state # 117: atom  30 (C  ), wfc  1 (l=0 m= 1)
     state # 118: atom  30 (C  ), wfc  2 (l=1 m= 1)
     state # 119: atom  30 (C  ), wfc  2 (l=1 m= 2)
     state # 120: atom  30 (C  ), wfc  2 (l=1 m= 3)
     state # 121: atom  31 (C  ), wfc  1 (l=0 m= 1)
     state # 122: atom  31 (C  ), wfc  2 (l=1 m= 1)
     state # 123: atom  31 (C  ), wfc  2 (l=1 m= 2)
     state # 124: atom  31 (C  ), wfc  2 (l=1 m= 3)
     state # 125: atom  32 (C  ), wfc  1 (l=0 m= 1)
     state # 126: atom  32 (C  ), wfc  2 (l=1 m= 1)
     state # 127: atom  32 (C  ), wfc  2 (l=1 m= 2)
     state # 128: atom  32 (C  ), wfc  2 (l=1 m= 3)
     state # 129: atom  33 (H  ), wfc  1 (l=0 m= 1)
     state # 130: atom  34 (H  ), wfc  1 (l=0 m= 1)
     state # 131: atom  35 (H  ), wfc  1 (l=0 m= 1)
     state # 132: atom  36 (H  ), wfc  1 (l=0 m= 1)
     state # 133: atom  37 (H  ), wfc  1 (l=0 m= 1)
     state # 134: atom  38 (H  ), wfc  1 (l=0 m= 1)
     state # 135: atom  39 (H  ), wfc  1 (l=0 m= 1)
     state # 136: atom  40 (H  ), wfc  1 (l=0 m= 1)
     state # 137: atom  41 (H  ), wfc  1 (l=0 m= 1)
     state # 138: atom  42 (H  ), wfc  1 (l=0 m= 1)
     state # 139: atom  43 (H  ), wfc  1 (l=0 m= 1)
     state # 140: atom  44 (H  ), wfc  1 (l=0 m= 1)
     state # 141: atom  45 (H  ), wfc  1 (l=0 m= 1)
     state # 142: atom  46 (H  ), wfc  1 (l=0 m= 1)

 k =   0.0000000000  0.0000000000  0.0000000000
==== e(   1) =   -22.52683 eV ==== 
     psi = 0.079*[#  45]+0.079*[#  81]+0.058*[#  41]+0.058*[#  53]+0.058*[#  73]
          +0.058*[#  85]+0.047*[#  21]+0.047*[#  49]+0.047*[#  77]+0.047*[# 105]
          +0.026*[#  13]+0.026*[#  37]+0.026*[#  89]+0.026*[# 113]+0.018*[#  17]
          +0.018*[#  29]+0.018*[#  97]+0.018*[# 109]+0.015*[#  33]+0.015*[#  93]
          +0.008*[#   9]+0.008*[#  61]+0.008*[#  65]+0.008*[# 117]+0.007*[#   1]
          +0.007*[#  57]+0.007*[#  69]+0.007*[# 125]+0.007*[#   5]+0.007*[#  25]
          +0.007*[# 101]+0.007*[# 121]+0.005*[#  36]+0.005*[#  96]+0.004*[#  16]
          +0.004*[#  40]+0.004*[#  92]+0.004*[# 116]+0.003*[#  12]+0.003*[#  19]
          +0.003*[#  31]+0.003*[#  64]+0.003*[#  68]+0.003*[#  99]+0.003*[# 111]
          +0.003*[# 120]+0.003*[#   7]+0.003*[#  27]+0.003*[# 103]+0.003*[# 123]
          +0.002*[# 141]+0.002*[# 142]+0.002*[#  23]+0.002*[#  51]+0.002*[#  79]
          +0.002*[# 107]+0.001*[#   3]+0.001*[#   4]+0.002*[#  44]+0.002*[#  56]
          +0.001*[#  59]+0.001*[#  60]+0.001*[#  71]+0.001*[#  72]+0.002*[#  76]
          +0.002*[#  88]+0.001*[# 127]+0.001*[# 128]+0.001*[# 131]+0.001*[# 134]
          +0.001*[# 135]+0.001*[# 138]
    |psi|^2 = 0.983
==== e(   2) =   -21.90849 eV ==== 
     psi = 0.066*[#  21]+0.066*[#  49]+0.066*[#  77]+0.066*[# 105]+0.047*[#  17]
          +0.047*[#  29]+0.047*[#  97]+0.047*[# 109]+0.025*[#   5]+0.025*[#  25]
          +0.025*[# 101]+0.025*[# 121]+0.021*[#  41]+0.021*[#  53]+0.021*[#  73]
          +0.021*[#  85]+0.016*[#   1]+0.016*[#  57]+0.016*[#  69]+0.016*[# 125]
          +0.016*[#  47]+0.016*[#  83]+0.010*[#   9]+0.010*[#  61]+0.010*[#  65]
          +0.010*[# 117]+0.009*[#  13]+0.009*[#  37]+0.009*[#  89]+0.009*[# 113]
          +0.009*[#  43]+0.009*[#  55]+0.009*[#  75]+0.009*[#  87]+0.007*[#   7]
          +0.007*[#  27]+0.007*[# 103]+0.007*[# 123]+0.004*[#   4]+0.004*[#  60]
          +0.004*[#  72]+0.004*[# 128]+0.004*[#  35]+0.004*[#  95]+0.003*[#  12]
          +0.003*[#  64]+0.003*[#  68]+0.003*[# 120]+0.003*[# 130]+0.003*[# 132]
          +0.003*[# 137]+0.003*[# 139]+0.003*[#  15]+0.003*[#  39]+0.003*[#  91]
          +0.003*[# 115]+0.002*[# 129]+0.002*[# 133]+0.002*[# 136]+0.002*[# 140]
          +0.002*[#  20]+0.002*[#  32]+0.002*[# 100]+0.002*[# 112]+0.002*[#  19]
          +0.002*[#  31]+0.002*[#  99]+0.002*[# 111]+0.002*[#  16]+0.002*[#  40]
          +0.002*[#  92]+0.002*[# 116]+0.001*[#   3]+0.001*[#  59]+0.001*[#  71]
          +0.001*[# 127]+0.001*[#  23]+0.001*[#  51]+0.001*[#  79]+0.001*[# 107]
          +0.001*[# 131]+0.001*[# 134]+0.001*[# 135]+0.001*[# 138]
    |psi|^2 = 0.982
==== e(   3) =   -21.62347 eV ==== 
     psi = 0.060*[#  13]+0.060*[#  37]+0.060*[#  89]+0.060*[# 113]+0.046*[#  33]
          +0.046*[#  93]+0.041*[#  41]+0.041*[#  53]+0.041*[#  73]+0.041*[#  85]
          +0.023*[#   9]+0.023*[#  61]+0.023*[#  65]+0.023*[# 117]+0.021*[#  48]
          +0.021*[#  84]+0.016*[#  45]+0.016*[#  81]+0.013*[#   1]+0.013*[#  57]
          +0.013*[#  69]+0.013*[# 125]+0.011*[#  24]+0.011*[#  52]+0.011*[#  80]
          +0.011*[# 108]+0.010*[#  17]+0.010*[#  29]+0.010*[#  97]+0.010*[# 109]
          +0.008*[#  21]+0.008*[#  49]+0.008*[#  77]+0.008*[# 105]+0.008*[#  36]
          +0.008*[#  96]+0.007*[#  44]+0.007*[#  56]+0.007*[#  76]+0.007*[#  88]
          +0.006*[# 141]+0.006*[# 142]+0.004*[#  12]+0.004*[#  64]+0.004*[#  68]
          +0.004*[# 120]+0.004*[#   3]+0.004*[#  59]+0.004*[#  71]+0.004*[# 127]
          +0.003*[# 131]+0.003*[# 134]+0.003*[# 135]+0.003*[# 138]+0.002*[#  11]
          +0.002*[#  19]+0.002*[#  31]+0.002*[#  63]+0.002*[#  67]+0.002*[#  99]
          +0.002*[# 111]+0.002*[# 119]+0.002*[# 129]+0.002*[# 133]+0.002*[# 136]
          +0.002*[# 140]+0.001*[#  20]+0.001*[#  32]+0.001*[# 100]+0.001*[# 112]
          +0.001*[#   8]+0.001*[#  28]+0.001*[# 104]+0.001*[# 124]
    |psi|^2 = 0.982
==== e(   4) =   -20.99647 eV ==== 
     psi = 0.050*[#   5]+0.050*[#  25]+0.050*[# 101]+0.050*[# 121]+0.047*[#  17]
          +0.047*[#  29]+0.047*[#  97]+0.047*[# 109]+0.046*[#  45]+0.046*[#  81]
          +0.021*[#  23]+0.021*[#  51]+0.021*[#  79]+0.021*[# 107]+0.015*[#  43]
          +0.015*[#  55]+0.015*[#  75]+0.015*[#  87]+0.014*[#  21]+0.014*[#  49]
          +0.014*[#  77]+0.014*[# 105]+0.012*[#  33]+0.012*[#  93]+0.011*[#  41]
          +0.011*[#  53]+0.011*[#  73]+0.011*[#  85]+0.011*[#   1]+0.011*[#  57]
          +0.011*[#  69]+0.011*[# 125]+0.009*[#  13]+0.009*[#  37]+0.009*[#  89]
          +0.009*[# 113]+0.007*[# 130]+0.007*[# 132]+0.007*[# 137]+0.007*[# 139]
          +0.006*[#   7]+0.006*[#  27]+0.006*[# 103]+0.006*[# 123]+0.005*[#   4]
          +0.005*[#  15]+0.005*[#  39]+0.005*[#  60]+0.005*[#  72]+0.005*[#  91]
          +0.005*[# 115]+0.005*[# 128]+0.004*[#  11]+0.004*[#  63]+0.004*[#  67]
          +0.004*[# 119]+0.003*[#  20]+0.003*[#  32]+0.003*[# 100]+0.003*[# 112]
          +0.003*[#  36]+0.003*[#  96]+0.002*[#   8]+0.002*[#  28]+0.002*[# 104]
          +0.002*[# 124]+0.002*[# 129]+0.002*[# 133]+0.002*[# 136]+0.002*[# 140]
          +0.001*[# 141]+0.001*[# 142]+0.001*[#  19]+0.001*[#  31]+0.001*[#  99]
          +0.001*[# 111]
    |psi|^2 = 0.982
==== e(   5) =   -20.88017 eV ==== 
     psi = 0.038*[#   1]+0.038*[#  57]+0.038*[#  69]+0.038*[# 125]+0.037*[#   9]
          +0.037*[#  61]+0.037*[#  65]+0.037*[# 117]+0.032*[#  17]+0.032*[#  29]
          +0.032*[#  97]+0.032*[# 109]+0.027*[#  13]+0.027*[#  37]+0.027*[#  89]
          +0.027*[# 113]+0.020*[#  41]+0.020*[#  53]+0.020*[#  73]+0.020*[#  85]
          +0.016*[#  24]+0.016*[#  52]+0.016*[#  80]+0.016*[# 108]+0.013*[#  21]
          +0.013*[#  49]+0.013*[#  77]+0.013*[# 105]+0.012*[#  35]+0.012*[#  95]
          +0.008*[#  15]+0.008*[#  39]+0.008*[#  91]+0.008*[# 115]+0.006*[#  12]
          +0.006*[#  64]+0.006*[#  68]+0.006*[# 120]+0.005*[#  47]+0.005*[#  83]
          +0.005*[#   3]+0.005*[#  43]+0.005*[#  55]+0.005*[#  59]+0.005*[#  71]
          +0.005*[#  75]+0.005*[#  87]+0.005*[# 127]+0.005*[# 129]+0.005*[# 133]
          +0.005*[# 136]+0.005*[# 140]+0.005*[# 131]+0.005*[# 134]+0.005*[# 135]
          +0.005*[# 138]+0.004*[#   8]+0.004*[#  20]+0.004*[#  28]+0.004*[#  32]
          +0.004*[# 100]+0.004*[# 104]+0.004*[# 112]+0.004*[# 124]+0.003*[#   5]
          +0.003*[#  25]+0.003*[#  44]+0.003*[#  56]+0.003*[#  76]+0.003*[#  88]
          +0.003*[# 101]+0.003*[# 121]+0.002*[#   7]+0.002*[#  19]+0.002*[#  27]
          +0.002*[#  31]+0.002*[#  99]+0.002*[# 103]+0.002*[# 111]+0.002*[# 123]
          +0.001*[#   4]+0.001*[#  60]+0.001*[#  72]+0.001*[# 128]
    |psi|^2 = 0.982
==== e(   6) =   -20.22916 eV ==== 
     psi = 0.058*[#  33]+0.058*[#  93]+0.050*[#  45]+0.050*[#  81]+0.045*[#  13]
          +0.045*[#  37]+0.045*[#  89]+0.045*[# 113]+0.036*[#   9]+0.036*[#  61]
          +0.036*[#  65]+0.036*[# 117]+0.032*[#  44]+0.032*[#  56]+0.032*[#  76]
          +0.032*[#  88]+0.015*[#   1]+0.015*[#  57]+0.015*[#  69]+0.015*[# 125]
          +0.013*[#  48]+0.013*[#  84]+0.011*[#  21]+0.011*[#  49]+0.011*[#  77]
          +0.011*[# 105]+0.009*[# 141]+0.009*[# 142]+0.008*[#  16]+0.008*[#  40]
          +0.008*[#  92]+0.008*[# 116]+0.006*[#  20]+0.006*[#  32]+0.006*[# 100]
          +0.006*[# 112]+0.006*[# 131]+0.006*[# 134]+0.006*[# 135]+0.006*[# 138]
          +0.005*[#  24]+0.005*[#  52]+0.005*[#  80]+0.005*[# 108]+0.004*[#   3]
          +0.004*[#  59]+0.004*[#  71]+0.004*[# 127]+0.003*[#  41]+0.003*[#  53]
          +0.003*[#  73]+0.003*[#  85]+0.002*[#  23]+0.002*[#  51]+0.002*[#  79]
          +0.002*[# 107]+0.002*[# 129]+0.002*[# 133]+0.002*[# 136]+0.002*[# 140]
          +0.002*[#  36]+0.002*[#  96]+0.002*[#  12]+0.002*[#  64]+0.002*[#  68]
          +0.002*[# 120]+0.001*[#  11]+0.001*[#  43]+0.001*[#  55]+0.001*[#  63]
          +0.001*[#  67]+0.001*[#  75]+0.001*[#  87]+0.001*[# 119]
    |psi|^2 = 0.983
==== e(   7) =   -19.90697 eV ==== 
     psi = 0.066*[#   5]+0.066*[#  25]+0.066*[# 101]+0.066*[# 121]+0.029*[#  13]
          +0.029*[#  37]+0.029*[#  89]+0.029*[# 113]+0.021*[#   9]+0.021*[#  61]
          +0.021*[#  65]+0.021*[# 117]+0.021*[#  41]+0.021*[#  53]+0.021*[#  73]
          +0.021*[#  85]+0.017*[#  23]+0.017*[#  51]+0.017*[#  79]+0.017*[# 107]
          +0.015*[#  17]+0.015*[#  29]+0.015*[#  97]+0.015*[# 109]+0.014*[#  35]
          +0.014*[#  95]+0.013*[#  47]+0.013*[#  83]+0.012*[#  19]+0.012*[#  31]
          +0.012*[#  99]+0.012*[# 111]+0.010*[#  20]+0.010*[#  32]+0.010*[# 100]
          +0.010*[# 112]+0.009*[# 130]+0.009*[# 132]+0.009*[# 137]+0.009*[# 139]
          +0.006*[#   3]+0.006*[#  59]+0.006*[#  71]+0.006*[# 127]+0.006*[#   8]
          +0.006*[#  28]+0.006*[# 104]+0.006*[# 124]+0.004*[#   4]+0.004*[#  60]
          +0.004*[#  72]+0.004*[# 128]+0.004*[#  15]+0.004*[#  39]+0.004*[#  91]
          +0.004*[# 115]+0.003*[# 131]+0.003*[# 134]+0.003*[# 135]+0.003*[# 138]
          +0.002*[#   7]+0.002*[#  27]+0.002*[# 103]+0.002*[# 123]+0.002*[#   1]
          +0.002*[#  12]+0.002*[#  44]+0.002*[#  56]+0.002*[#  64]+0.002*[#  67]
          +0.002*[#  68]+0.002*[#  69]+0.002*[#  76]+0.002*[#  88]+0.002*[#  11]
          +0.002*[#  57]+0.002*[#  63]+0.002*[# 119]+0.002*[# 120]+0.002*[# 125]
          +0.001*[#  24]+0.001*[#  52]+0.001*[#  80]+0.001*[# 108]
    |psi|^2 = 0.982
==== e(   8) =   -19.76905 eV ==== 
     psi = 0.049*[#  17]+0.049*[#  29]+0.049*[#  97]+0.049*[# 109]+0.046*[#   1]
          +0.046*[#  57]+0.046*[#  69]+0.046*[# 125]+0.030*[#  33]+0.030*[#  93]
          +0.017*[#  15]+0.017*[#  39]+0.017*[#  91]+0.017*[# 115]+0.012*[#  11]
          +0.012*[#  63]+0.012*[#  67]+0.012*[# 119]+0.011*[#  13]+0.011*[#  37]
          +0.011*[#  89]+0.011*[# 113]+0.011*[#  43]+0.011*[#  55]+0.011*[#  75]
          +0.011*[#  87]+0.009*[#  48]+0.009*[#  84]+0.009*[#   9]+0.009*[#  61]
          +0.009*[#  65]+0.009*[# 117]+0.008*[#   8]+0.008*[#  28]+0.008*[# 104]
          +0.008*[# 124]+0.008*[#  45]+0.008*[#  81]+0.007*[#   5]+0.007*[#  25]
          +0.007*[# 101]+0.007*[# 121]+0.007*[#  23]+0.007*[#  51]+0.007*[#  79]
          +0.007*[# 107]+0.007*[# 129]+0.007*[# 133]+0.007*[# 136]+0.007*[# 140]
          +0.006*[#  41]+0.006*[#  53]+0.006*[#  73]+0.006*[#  85]+0.005*[#  24]
          +0.005*[#  52]+0.005*[#  80]+0.005*[# 108]+0.005*[#  21]+0.005*[#  49]
          +0.005*[#  77]+0.005*[# 105]+0.004*[#  20]+0.004*[#  32]+0.004*[# 100]
          +0.004*[# 112]+0.004*[#   4]+0.004*[#  36]+0.004*[#  60]+0.004*[#  72]
          +0.004*[#  96]+0.004*[# 128]+0.004*[# 141]+0.004*[# 142]+0.003*[#   7]
          +0.003*[#  27]+0.003*[# 103]+0.003*[# 123]+0.002*[#  12]+0.002*[#  64]
          +0.002*[#  68]+0.002*[# 120]+0.001*[#  44]+0.001*[#  56]+0.001*[#  76]
          +0.001*[#  88]+0.001*[# 130]+0.001*[# 132]+0.001*[# 137]+0.001*[# 139]
          
    |psi|^2 = 0.983
==== e(   9) =   -19.34461 eV ==== 
     psi = 0.041*[#  21]+0.041*[#  49]+0.041*[#  77]+0.041*[# 105]+0.040*[#   9]
          +0.040*[#  61]+0.040*[#  65]+0.040*[# 117]+0.039*[#   1]+0.039*[#  57]
          +0.039*[#  69]+0.039*[# 125]+0.023*[#  47]+0.023*[#  83]+0.014*[#  41]
          +0.014*[#  53]+0.014*[#  73]+0.014*[#  85]+0.013*[#  44]+0.013*[#  56]
          +0.013*[#  76]+0.013*[#  88]+0.011*[#  20]+0.011*[#  32]+0.011*[# 100]
          +0.011*[# 112]+0.010*[#  24]+0.010*[#  52]+0.010*[#  80]+0.010*[# 108]
          +0.008*[#   5]+0.007*[#  23]+0.008*[#  25]+0.007*[#  51]+0.007*[#  79]
          +0.008*[# 101]+0.007*[# 107]+0.008*[# 121]+0.007*[#  19]+0.007*[#  31]
          +0.007*[#  99]+0.007*[# 111]+0.006*[# 129]+0.006*[# 133]+0.006*[# 136]
          +0.006*[# 140]+0.006*[# 131]+0.006*[# 134]+0.006*[# 135]+0.006*[# 138]
          +0.006*[#  13]+0.006*[#  16]+0.006*[#  37]+0.006*[#  40]+0.006*[#  89]
          +0.006*[#  92]+0.006*[# 113]+0.006*[# 116]+0.005*[#  35]+0.005*[#  95]
          +0.005*[#  15]+0.005*[#  39]+0.005*[#  91]+0.005*[# 115]+0.004*[#  17]
          +0.004*[#  29]+0.004*[#  97]+0.004*[# 109]+0.002*[#   3]+0.002*[#  59]
          +0.002*[#  71]+0.002*[# 127]+0.002*[#  43]+0.002*[#  55]+0.002*[#  75]
          +0.002*[#  87]+0.002*[#  11]+0.002*[#  63]+0.002*[#  67]+0.002*[# 119]
          +0.002*[# 130]+0.002*[# 132]+0.002*[# 137]+0.002*[# 139]+0.001*[#  12]
          +0.001*[#  64]+0.001*[#  68]+0.001*[# 120]
    |psi|^2 = 0.983
==== e(  10) =   -18.71634 eV ==== 
     psi = 0.062*[#   5]+0.062*[#  25]+0.062*[# 101]+0.062*[# 121]+0.036*[#  33]
          +0.036*[#  93]+0.023*[#   1]+0.023*[#  57]+0.023*[#  69]+0.023*[# 125]
          +0.022*[#  15]+0.022*[#  39]+0.022*[#  91]+0.022*[# 115]+0.018*[#  19]
          +0.018*[#  31]+0.018*[#  99]+0.018*[# 111]+0.014*[#   9]+0.014*[#  61]
          +0.014*[#  65]+0.014*[# 117]+0.013*[#  20]+0.013*[#  32]+0.013*[# 100]
          +0.013*[# 112]+0.011*[#   8]+0.011*[#  28]+0.011*[# 104]+0.011*[# 124]
          +0.011*[#  21]+0.011*[#  49]+0.011*[#  77]+0.011*[# 105]+0.010*[#  43]
          +0.010*[#  55]+0.010*[#  75]+0.010*[#  87]+0.009*[# 130]+0.009*[# 132]
          +0.009*[# 137]+0.009*[# 139]+0.008*[#  11]+0.008*[#  63]+0.008*[#  67]
          +0.008*[# 119]+0.006*[#  13]+0.006*[#  37]+0.006*[#  89]+0.006*[# 113]
          +0.005*[# 141]+0.005*[# 142]+0.004*[#   3]+0.004*[#  59]+0.004*[#  71]
          +0.004*[# 127]+0.003*[# 129]+0.003*[# 133]+0.003*[# 136]+0.003*[# 140]
          +0.003*[#  44]+0.003*[#  56]+0.003*[#  76]+0.003*[#  88]+0.002*[#  36]
          +0.002*[#  96]+0.002*[#  45]+0.002*[#  81]+0.002*[# 131]+0.002*[# 134]
          +0.002*[# 135]+0.002*[# 138]+0.001*[#  12]+0.001*[#  64]+0.001*[#  68]
          +0.001*[# 120]+0.001*[#  23]+0.001*[#  51]+0.001*[#  79]+0.001*[# 107]
          
    |psi|^2 = 0.982
==== e(  11) =   -18.52895 eV ==== 
     psi = 0.043*[#  33]+0.043*[#  93]+0.042*[#  41]+0.042*[#  53]+0.042*[#  73]
          +0.042*[#  85]+0.039*[#  45]+0.039*[#  81]+0.032*[#   9]+0.032*[#  61]
          +0.032*[#  65]+0.032*[# 117]+0.032*[#  16]+0.032*[#  40]+0.032*[#  92]
          +0.032*[# 116]+0.026*[#  48]+0.026*[#  84]+0.015*[#  21]+0.015*[#  49]
          +0.015*[#  77]+0.015*[# 105]+0.012*[#  13]+0.012*[#  37]+0.012*[#  89]
          +0.012*[# 113]+0.010*[# 141]+0.010*[# 142]+0.010*[#  24]+0.010*[#  52]
          +0.010*[#  80]+0.010*[# 108]+0.007*[#  44]+0.007*[#  56]+0.007*[#  76]
          +0.007*[#  88]+0.007*[# 131]+0.007*[# 134]+0.007*[# 135]+0.007*[# 138]
          +0.006*[#   4]+0.006*[#  17]+0.006*[#  29]+0.006*[#  60]+0.006*[#  72]
          +0.006*[#  97]+0.006*[# 109]+0.006*[# 128]+0.005*[#   1]+0.005*[#  57]
          +0.005*[#  69]+0.005*[# 125]+0.003*[#   3]+0.003*[#  59]+0.003*[#  71]
          +0.003*[# 127]+0.002*[#  20]+0.002*[#  32]+0.002*[# 100]+0.002*[# 112]
          +0.002*[#  23]+0.002*[#  51]+0.002*[#  79]+0.002*[# 107]+0.001*[#  43]
          +0.001*[#  55]+0.001*[#  75]+0.001*[#  87]+0.001*[#   5]+0.001*[#  25]
          +0.001*[# 101]+0.001*[# 121]
    |psi|^2 = 0.987
==== e(  12) =   -18.48142 eV ==== 
     psi = 0.051*[#  17]+0.051*[#  29]+0.051*[#  97]+0.051*[# 109]+0.042*[#  13]
          +0.042*[#  37]+0.042*[#  89]+0.042*[# 113]+0.027*[#  35]+0.027*[#  95]
          +0.018*[#  41]+0.018*[#  53]+0.018*[#  73]+0.018*[#  85]+0.015*[#   1]
          +0.015*[#  57]+0.015*[#  69]+0.015*[# 125]+0.015*[#   5]+0.015*[#  25]
          +0.015*[# 101]+0.015*[# 121]+0.014*[#  11]+0.014*[#  63]+0.014*[#  67]
          +0.014*[# 119]+0.014*[#   8]+0.014*[#  28]+0.014*[# 104]+0.014*[# 124]
          +0.012*[#  23]+0.012*[#  51]+0.012*[#  79]+0.012*[# 107]+0.011*[#   4]
          +0.011*[#  60]+0.011*[#  72]+0.011*[# 128]+0.009*[#   9]+0.009*[#  61]
          +0.009*[#  65]+0.009*[# 117]+0.007*[#  47]+0.007*[#  83]+0.006*[#  44]
          +0.006*[#  56]+0.006*[#  76]+0.006*[#  88]+0.005*[#   3]+0.005*[#  59]
          +0.005*[#  71]+0.005*[# 127]+0.004*[#   7]+0.004*[#  27]+0.004*[# 103]
          +0.004*[# 123]+0.003*[#  19]+0.003*[#  31]+0.003*[#  99]+0.003*[# 111]
          +0.003*[# 129]+0.003*[# 133]+0.003*[# 136]+0.003*[# 140]+0.003*[# 130]
          +0.003*[# 132]+0.003*[# 137]+0.003*[# 139]+0.002*[# 131]+0.002*[# 134]
          +0.002*[# 135]+0.002*[# 138]+0.001*[#  15]+0.001*[#  39]+0.001*[#  91]
          +0.001*[# 115]
    |psi|^2 = 0.986
==== e(  13) =   -18.06218 eV ==== 
     psi = 0.067*[#  45]+0.067*[#  81]+0.050*[#  21]+0.050*[#  49]+0.050*[#  77]
          +0.050*[# 105]+0.027*[#   1]+0.027*[#  57]+0.027*[#  69]+0.027*[# 125]
          +0.025*[#  43]+0.025*[#  55]+0.025*[#  75]+0.025*[#  87]+0.018*[#  33]
          +0.018*[#  93]+0.017*[#  19]+0.017*[#  31]+0.017*[#  99]+0.017*[# 111]
          +0.015*[#   5]+0.015*[#  25]+0.015*[# 101]+0.015*[# 121]+0.012*[#  20]
          +0.012*[#  32]+0.012*[# 100]+0.012*[# 112]+0.011*[#  48]+0.011*[#  84]
          +0.010*[#   9]+0.010*[#  61]+0.010*[#  65]+0.010*[# 117]+0.009*[#  11]
          +0.009*[#  63]+0.009*[#  67]+0.009*[# 119]+0.008*[#  24]+0.008*[#  52]
          +0.008*[#  80]+0.008*[# 108]+0.006*[# 129]+0.006*[# 133]+0.006*[# 136]
          +0.006*[# 140]+0.005*[#  15]+0.005*[#  39]+0.005*[#  91]+0.005*[# 115]
          +0.004*[# 130]+0.004*[# 132]+0.004*[# 137]+0.004*[# 139]+0.004*[#  13]
          +0.004*[#  37]+0.004*[#  89]+0.004*[# 113]+0.003*[# 141]+0.003*[# 142]
          +0.002*[# 131]+0.002*[# 134]+0.002*[# 135]+0.002*[# 138]+0.002*[#  44]
          +0.002*[#  56]+0.002*[#  76]+0.002*[#  88]+0.001*[#   7]+0.001*[#  27]
          +0.001*[# 103]+0.001*[# 123]
    |psi|^2 = 0.988
==== e(  14) =   -17.76277 eV ==== 
     psi = 0.044*[#   9]+0.044*[#  61]+0.044*[#  65]+0.044*[# 117]+0.043*[#  41]
          +0.043*[#  53]+0.043*[#  73]+0.043*[#  85]+0.026*[#   1]+0.026*[#  57]
          +0.026*[#  69]+0.026*[# 125]+0.026*[#  21]+0.026*[#  49]+0.026*[#  77]
          +0.026*[# 105]+0.020*[#  47]+0.020*[#  83]+0.019*[#  16]+0.019*[#  40]
          +0.019*[#  92]+0.019*[# 116]+0.016*[#  24]+0.016*[#  52]+0.016*[#  80]
          +0.016*[# 108]+0.011*[#   4]+0.011*[#  60]+0.011*[#  72]+0.011*[# 128]
          +0.009*[# 131]+0.009*[# 134]+0.009*[# 135]+0.009*[# 138]+0.008*[#  20]
          +0.008*[#  32]+0.008*[# 100]+0.008*[# 112]+0.006*[#  17]+0.006*[#  29]
          +0.006*[#  97]+0.006*[# 109]+0.005*[# 129]+0.005*[# 133]+0.005*[# 136]
          +0.005*[# 140]+0.004*[#  11]+0.004*[#  63]+0.004*[#  67]+0.004*[# 119]
          +0.004*[#  43]+0.004*[#  55]+0.004*[#  75]+0.004*[#  87]+0.003*[#  15]
          +0.003*[#  39]+0.003*[#  91]+0.003*[# 115]+0.003*[#  19]+0.003*[#  31]
          +0.003*[#  99]+0.003*[# 111]+0.003*[#   3]+0.003*[#  59]+0.003*[#  71]
          +0.003*[# 127]+0.002*[#  23]+0.002*[#  51]+0.002*[#  79]+0.002*[# 107]
          +0.001*[#   5]+0.001*[#  25]+0.001*[# 101]+0.001*[# 121]
    |psi|^2 = 0.987
==== e(  15) =   -17.45960 eV ==== 
     psi = 0.043*[#   5]+0.043*[#  25]+0.043*[# 101]+0.043*[# 121]+0.037*[#  13]
          +0.037*[#  37]+0.037*[#  89]+0.037*[# 113]+0.028*[#  35]+0.028*[#  95]
          +0.028*[#   1]+0.028*[#  57]+0.028*[#  69]+0.028*[# 125]+0.022*[#  11]
          +0.022*[#  63]+0.022*[#  67]+0.022*[# 119]+0.015*[#   8]+0.015*[#  28]
          +0.015*[# 104]+0.015*[# 124]+0.012*[#  41]+0.012*[#  53]+0.012*[#  73]
          +0.012*[#  85]+0.011*[#  19]+0.011*[#  31]+0.011*[#  99]+0.011*[# 111]
          +0.009*[#  17]+0.009*[#  20]+0.009*[#  29]+0.009*[#  32]+0.009*[#  97]
          +0.009*[# 100]+0.009*[# 109]+0.009*[# 112]+0.009*[#  21]+0.009*[#  49]
          +0.009*[#  77]+0.009*[# 105]+0.008*[# 130]+0.008*[# 132]+0.008*[# 137]
          +0.008*[# 139]+0.008*[#  44]+0.008*[#  47]+0.008*[#  56]+0.008*[#  76]
          +0.008*[#  83]+0.008*[#  88]+0.005*[#  23]+0.005*[#  51]+0.005*[#  79]
          +0.005*[# 107]+0.005*[# 129]+0.005*[# 133]+0.005*[# 136]+0.005*[# 140]
          +0.004*[#   7]+0.004*[#  27]+0.004*[# 103]+0.004*[# 123]+0.002*[#  43]
          +0.002*[#  55]+0.002*[#  75]+0.002*[#  87]
    |psi|^2 = 0.987
==== e(  16) =   -17.10323 eV ==== 
     psi = 0.061*[#  33]+0.061*[#  93]+0.031*[#  15]+0.031*[#  39]+0.031*[#  91]
          +0.031*[# 115]+0.030*[#  17]+0.030*[#  29]+0.030*[#  97]+0.030*[# 109]
          +0.027*[#   9]+0.027*[#  61]+0.027*[#  65]+0.027*[# 117]+0.019*[#   5]
          +0.019*[#  25]+0.019*[# 101]+0.019*[# 121]+0.017*[#   4]+0.017*[#  60]
          +0.017*[#  72]+0.017*[# 128]+0.015*[#   8]+0.015*[#  28]+0.015*[# 104]
          +0.015*[# 124]+0.012*[# 141]+0.012*[# 142]+0.009*[#   3]+0.009*[#  59]
          +0.009*[#  71]+0.009*[# 127]+0.009*[#  23]+0.009*[#  51]+0.009*[#  79]
          +0.009*[# 107]+0.008*[#  45]+0.008*[#  81]+0.007*[#  41]+0.007*[#  53]
          +0.007*[#  73]+0.007*[#  85]+0.006*[#  19]+0.006*[#  31]+0.006*[#  99]
          +0.006*[# 111]+0.005*[# 116]+0.005*[# 135]+0.005*[# 138]+0.005*[#   1]
          +0.005*[#  16]+0.005*[#  40]+0.005*[#  57]+0.005*[#  69]+0.005*[#  92]
          +0.005*[# 131]+0.005*[# 134]+0.005*[# 125]+0.004*[#  11]+0.004*[#  63]
          +0.004*[#  67]+0.004*[# 119]+0.004*[# 130]+0.004*[# 132]+0.004*[# 137]
          +0.004*[# 139]+0.004*[#  48]+0.004*[#  84]+0.004*[#  20]+0.004*[#  32]
          +0.004*[# 100]+0.004*[# 112]+0.003*[#   7]+0.003*[#  27]+0.003*[# 103]
          +0.003*[# 123]+0.001*[#  13]+0.001*[#  37]+0.001*[#  89]+0.001*[# 113]
          
    |psi|^2 = 0.986
==== e(  17) =   -15.71371 eV ==== 
     psi = 0.034*[#   9]+0.034*[#  61]+0.034*[#  65]+0.034*[# 117]+0.029*[#  15]
          +0.029*[#  39]+0.029*[#  91]+0.029*[# 115]+0.025*[#  17]+0.025*[#  29]
          +0.025*[#  97]+0.025*[# 109]+0.021*[#   4]+0.021*[#   8]+0.021*[#  28]
          +0.021*[#  60]+0.021*[#  72]+0.021*[# 104]+0.021*[# 124]+0.021*[# 128]
          +0.014*[#   5]+0.014*[#  25]+0.014*[# 101]+0.014*[# 121]+0.013*[#  33]
          +0.013*[#  93]+0.012*[#   3]+0.012*[#  20]+0.012*[#  32]+0.012*[#  59]
          +0.012*[#  71]+0.012*[# 100]+0.012*[# 112]+0.012*[# 127]+0.011*[# 131]
          +0.011*[# 134]+0.011*[# 135]+0.011*[# 138]+0.010*[#   1]+0.010*[#  57]
          +0.010*[#  69]+0.010*[# 125]+0.009*[#   7]+0.009*[#  27]+0.009*[# 103]
          +0.009*[# 123]+0.009*[#  23]+0.009*[#  51]+0.009*[#  79]+0.009*[# 107]
          +0.006*[#  43]+0.006*[#  55]+0.006*[#  75]+0.006*[#  87]+0.005*[#  24]
          +0.005*[#  52]+0.005*[#  80]+0.005*[# 108]+0.004*[# 130]+0.004*[# 132]
          +0.004*[# 137]+0.004*[# 139]+0.003*[#  11]+0.003*[#  63]+0.003*[#  67]
          +0.003*[# 119]+0.003*[# 129]+0.003*[# 133]+0.003*[# 136]+0.003*[# 140]
          +0.002*[#  36]+0.002*[#  96]+0.002*[#  16]+0.002*[#  21]+0.002*[#  40]
          +0.002*[#  48]+0.002*[#  49]+0.002*[#  77]+0.002*[#  84]+0.002*[#  92]
          +0.002*[# 105]+0.002*[# 116]+0.002*[#  12]+0.002*[#  64]+0.002*[#  68]
          +0.002*[# 120]+0.001*[# 141]+0.001*[# 142]+0.001*[#  45]+0.001*[#  81]
          
    |psi|^2 = 0.984
==== e(  18) =   -15.67061 eV ==== 
     psi = 0.058*[#  43]+0.058*[#  55]+0.058*[#  75]+0.058*[#  87]+0.033*[#  45]
          +0.033*[#  81]+0.029*[#  19]+0.029*[# 111]+0.029*[#  31]+0.029*[#  99]
          +0.025*[#  21]+0.025*[# 105]+0.025*[#  49]+0.025*[#  77]+0.023*[#   1]
          +0.023*[#  48]+0.023*[#  84]+0.023*[# 125]+0.023*[#  57]+0.023*[#  69]
          +0.017*[#  24]+0.017*[#  52]+0.017*[#  80]+0.017*[# 108]+0.013*[#  11]
          +0.013*[# 119]+0.013*[#  63]+0.013*[#  67]+0.011*[# 129]+0.011*[# 133]
          +0.011*[# 136]+0.011*[# 140]+0.008*[#  15]+0.008*[#  39]+0.008*[#  91]
          +0.008*[# 115]+0.008*[#  20]+0.008*[#  32]+0.008*[# 100]+0.008*[# 112]
          +0.006*[#   3]+0.006*[#  59]+0.006*[#  71]+0.006*[# 127]+0.005*[#   8]
          +0.005*[#  28]+0.005*[# 104]+0.005*[# 124]+0.005*[#   5]+0.005*[#  25]
          +0.005*[# 101]+0.005*[# 121]+0.003*[# 130]+0.003*[# 132]+0.003*[# 137]
          +0.003*[# 139]+0.003*[#  13]+0.003*[#  37]+0.003*[#  89]+0.003*[# 113]
          +0.002*[#   4]+0.002*[#  60]+0.002*[#  72]+0.002*[# 128]+0.001*[#  36]
          +0.001*[#  96]
    |psi|^2 = 0.981
==== e(  19) =   -15.66861 eV ==== 
     psi = 0.057*[#  47]+0.057*[#  83]+0.033*[#  23]+0.033*[#  51]+0.033*[#  79]
          +0.033*[# 107]+0.022*[#  20]+0.022*[#  32]+0.022*[# 100]+0.022*[#  41]
          +0.022*[#  53]+0.022*[#  73]+0.022*[#  85]+0.022*[# 112]+0.018*[#  57]
          +0.018*[#  69]+0.018*[#   1]+0.018*[# 125]+0.016*[#  35]+0.016*[#  95]
          +0.016*[#  63]+0.016*[#  67]+0.016*[#  11]+0.016*[# 119]+0.014*[#  16]
          +0.014*[#  40]+0.014*[#  92]+0.014*[# 116]+0.011*[#  31]+0.011*[#  99]
          +0.011*[#  19]+0.011*[# 111]+0.010*[#  49]+0.010*[#  77]+0.010*[#  21]
          +0.010*[# 105]+0.009*[#   7]+0.009*[#  27]+0.009*[# 103]+0.009*[# 123]
          +0.008*[#  13]+0.008*[#  37]+0.008*[#  89]+0.007*[#   5]+0.007*[#  25]
          +0.007*[# 101]+0.008*[# 113]+0.007*[# 121]+0.007*[# 129]+0.007*[# 133]
          +0.007*[# 136]+0.007*[# 140]+0.007*[#  24]+0.007*[#  52]+0.007*[#  80]
          +0.007*[# 108]+0.006*[#  44]+0.006*[#  56]+0.006*[#  76]+0.006*[#  88]
          +0.005*[# 130]+0.005*[# 132]+0.005*[# 137]+0.005*[# 139]+0.004*[#   3]
          +0.004*[#   9]+0.004*[#  59]+0.004*[#  61]+0.004*[#  65]+0.004*[#  71]
          +0.004*[# 117]+0.004*[# 127]+0.002*[#  43]+0.002*[#  55]+0.002*[#  75]
          +0.002*[#  87]+0.002*[# 131]+0.002*[# 134]+0.002*[# 135]+0.002*[# 138]
          
    |psi|^2 = 0.980
==== e(  20) =   -15.50906 eV ==== 
     psi = 0.055*[#  48]+0.055*[#  84]+0.053*[#  16]+0.053*[#  40]+0.053*[#  92]
          +0.053*[# 116]+0.053*[#  33]+0.053*[#  93]+0.026*[# 141]+0.026*[# 142]
          +0.026*[#  44]+0.026*[#  56]+0.026*[#  76]+0.026*[#  88]+0.022*[#  41]
          +0.022*[#  53]+0.022*[#  73]+0.022*[#  85]+0.018*[#  24]+0.018*[#  52]
          +0.018*[#  80]+0.018*[# 108]+0.018*[#  45]+0.018*[#  81]+0.017*[#  36]
          +0.017*[#  96]+0.007*[#  12]+0.007*[#  64]+0.007*[#  68]+0.007*[# 120]
          +0.006*[#  15]+0.006*[#  39]+0.006*[#  91]+0.006*[# 115]+0.004*[#   9]
          +0.004*[#  61]+0.004*[#  65]+0.004*[# 117]+0.004*[# 131]+0.004*[# 134]
          +0.004*[# 135]+0.004*[# 138]+0.003*[#  23]+0.003*[#  51]+0.003*[#  79]
          +0.003*[# 107]+0.002*[#  13]+0.002*[#  37]+0.002*[#  89]+0.002*[# 113]
          +0.002*[#   5]+0.002*[#  21]+0.002*[#  25]+0.002*[#  49]+0.002*[#  77]
          +0.002*[# 101]+0.002*[# 105]+0.002*[# 121]+0.002*[#   4]+0.002*[#   7]
          +0.002*[#  27]+0.002*[#  60]+0.002*[#  72]+0.002*[# 103]+0.002*[# 123]
          +0.002*[# 128]+0.002*[#  43]+0.002*[#  55]+0.002*[#  75]+0.002*[#  87]
          +0.001*[#   1]+0.001*[#  57]+0.001*[#  69]+0.001*[# 125]+0.001*[# 130]
          +0.001*[# 132]+0.001*[# 137]+0.001*[# 139]
    |psi|^2 = 0.980
==== e(  21) =   -15.44661 eV ==== 
     psi = 0.045*[#  35]+0.045*[#  95]+0.031*[#  11]+0.031*[#  63]+0.031*[#  67]
          +0.031*[# 119]+0.030*[#   5]+0.030*[#  25]+0.030*[# 101]+0.030*[# 121]
          +0.027*[#  13]+0.027*[#  37]+0.027*[#  89]+0.027*[# 113]+0.025*[#  19]
          +0.025*[#  31]+0.025*[#  99]+0.025*[# 111]+0.020*[#   8]+0.020*[#  28]
          +0.020*[# 104]+0.020*[# 124]+0.014*[#   1]+0.014*[#  57]+0.014*[#  69]
          +0.014*[# 125]+0.010*[# 130]+0.010*[# 132]+0.010*[# 137]+0.010*[# 139]
          +0.009*[#  44]+0.009*[#  56]+0.009*[#  76]+0.009*[#  88]+0.007*[#  16]
          +0.007*[#  20]+0.007*[#  32]+0.007*[#  40]+0.007*[#  92]+0.007*[# 100]
          +0.007*[# 112]+0.007*[# 116]+0.007*[#  17]+0.007*[#  29]+0.007*[#  97]
          +0.007*[# 109]+0.005*[#  21]+0.005*[#  49]+0.005*[#  77]+0.005*[# 105]
          +0.005*[#  23]+0.005*[#  51]+0.005*[#  79]+0.005*[# 107]+0.005*[#   4]
          +0.004*[#  41]+0.004*[#  53]+0.005*[#  60]+0.005*[#  72]+0.004*[#  73]
          +0.004*[#  85]+0.005*[# 128]+0.004*[#  47]+0.004*[#  83]+0.004*[#  24]
          +0.004*[#  52]+0.004*[#  80]+0.004*[# 108]+0.003*[#  43]+0.003*[#  55]
          +0.003*[#  75]+0.003*[#  87]+0.003*[# 129]+0.003*[# 133]+0.003*[# 136]
          +0.003*[# 140]+0.002*[#   3]+0.002*[#  59]+0.002*[#  71]+0.002*[# 127]
          
    |psi|^2 = 0.985
==== e(  22) =   -15.06081 eV ==== 
     psi = 0.035*[#   4]+0.035*[#  60]+0.035*[#  72]+0.035*[# 128]+0.031*[#   9]
          +0.031*[#  61]+0.031*[#  65]+0.031*[# 117]+0.029*[#  24]+0.029*[#  52]
          +0.029*[#  80]+0.029*[# 108]+0.023*[#  44]+0.023*[#  56]+0.023*[#  76]
          +0.023*[#  88]+0.019*[#  17]+0.019*[#  29]+0.019*[#  97]+0.019*[# 109]
          +0.015*[# 131]+0.015*[# 134]+0.015*[# 135]+0.015*[# 138]+0.012*[#   8]
          +0.012*[#  28]+0.012*[# 104]+0.012*[# 124]+0.011*[#  16]+0.011*[#  40]
          +0.011*[#  92]+0.011*[# 116]+0.010*[#  13]+0.010*[#  37]+0.010*[#  89]
          +0.010*[# 113]+0.009*[#  12]+0.009*[#  64]+0.009*[#  68]+0.009*[# 120]
          +0.007*[#   7]+0.007*[#  27]+0.007*[# 103]+0.007*[# 123]+0.006*[#  11]
          +0.006*[#  63]+0.006*[#  67]+0.006*[# 119]+0.006*[#  23]+0.006*[#  51]
          +0.006*[#  79]+0.006*[# 107]+0.006*[#  21]+0.006*[#  49]+0.006*[#  77]
          +0.006*[# 105]+0.005*[#   5]+0.005*[#  25]+0.005*[# 101]+0.005*[# 121]
          +0.005*[#  20]+0.005*[#  32]+0.005*[#  35]+0.005*[#  95]+0.005*[# 100]
          +0.005*[# 112]+0.004*[#   3]+0.004*[#  59]+0.004*[#  71]+0.004*[# 127]
          +0.003*[#  41]+0.003*[#  53]+0.003*[#  73]+0.003*[#  85]+0.003*[#  15]
          +0.003*[#  39]+0.003*[#  91]+0.003*[# 115]+0.002*[# 130]+0.002*[# 132]
          +0.002*[# 137]+0.002*[# 139]+0.002*[#  47]+0.002*[#  83]
    |psi|^2 = 0.982
==== e(  23) =   -14.04857 eV ==== 
     psi = 0.033*[#   5]+0.033*[#  25]+0.033*[# 101]+0.033*[# 121]+0.030*[#  15]
          +0.030*[#  39]+0.030*[#  91]+0.030*[# 115]+0.029*[#  33]+0.029*[#  93]
          +0.023*[#  19]+0.023*[#  31]+0.023*[#  99]+0.023*[# 111]+0.022*[#   1]
          +0.022*[#  57]+0.022*[#  69]+0.022*[# 125]+0.019*[#   8]+0.019*[#  11]
          +0.019*[#  28]+0.019*[#  63]+0.019*[#  67]+0.019*[# 104]+0.019*[# 119]
          +0.019*[# 124]+0.017*[#  20]+0.017*[#  32]+0.017*[# 100]+0.017*[# 112]
          +0.016*[# 130]+0.016*[# 132]+0.016*[# 137]+0.016*[# 139]+0.016*[#   9]
          +0.016*[#  61]+0.016*[#  65]+0.016*[# 117]+0.009*[# 141]+0.009*[# 142]
          +0.008*[# 129]+0.008*[# 133]+0.008*[# 136]+0.008*[# 140]+0.007*[# 131]
          +0.007*[# 134]+0.007*[# 135]+0.007*[# 138]+0.004*[#  13]+0.004*[#  37]
          +0.004*[#  89]+0.004*[# 113]+0.003*[#   3]+0.003*[#  59]+0.003*[#  71]
          +0.003*[# 127]+0.002*[#  21]+0.002*[#  49]+0.002*[#  77]+0.002*[# 105]
          +0.002*[#  24]+0.002*[#  44]+0.002*[#  52]+0.002*[#  56]+0.002*[#  76]
          +0.002*[#  80]+0.002*[#  88]+0.002*[# 108]+0.002*[#  12]+0.002*[#  64]
          +0.002*[#  68]+0.002*[# 120]
    |psi|^2 = 0.991
==== e(  24) =   -13.92652 eV ==== 
     psi = 0.033*[#  19]+0.033*[#  31]+0.033*[#  99]+0.033*[# 111]+0.030*[#  47]
          +0.030*[#  83]+0.024*[#  41]+0.024*[#  53]+0.024*[#  73]+0.024*[#  85]
          +0.018*[#  16]+0.018*[#  23]+0.018*[#  40]+0.018*[#  51]+0.018*[#  79]
          +0.018*[#  92]+0.018*[# 107]+0.018*[# 116]+0.017*[#   3]+0.017*[#  59]
          +0.017*[#  71]+0.017*[# 127]+0.015*[# 129]+0.015*[# 133]+0.015*[# 136]
          +0.015*[# 140]+0.014*[#   1]+0.014*[#  57]+0.014*[#  69]+0.014*[# 125]
          +0.013*[#  21]+0.013*[#  49]+0.013*[#  77]+0.013*[# 105]+0.011*[#  20]
          +0.011*[#  32]+0.011*[# 100]+0.011*[# 112]+0.010*[#  43]+0.010*[#  55]
          +0.010*[#  75]+0.010*[#  87]+0.007*[#  24]+0.007*[#  52]+0.007*[#  80]
          +0.007*[# 108]+0.007*[#  11]+0.007*[#  63]+0.007*[#  67]+0.007*[# 119]
          +0.007*[#  17]+0.007*[#  29]+0.007*[#  97]+0.007*[# 109]+0.006*[# 130]
          +0.006*[# 132]+0.006*[# 137]+0.006*[# 139]+0.006*[#   8]+0.006*[#  28]
          +0.006*[# 104]+0.006*[# 124]+0.005*[#   5]+0.005*[#  25]+0.005*[# 101]
          +0.005*[# 121]+0.005*[#  15]+0.005*[#  39]+0.005*[#  91]+0.005*[# 115]
          +0.004*[#   9]+0.004*[#  61]+0.004*[#  65]+0.004*[# 117]+0.003*[#   7]
          +0.003*[#  27]+0.003*[# 103]+0.003*[# 123]+0.003*[#   4]+0.003*[#  60]
          +0.003*[#  72]+0.003*[# 128]+0.002*[# 131]+0.002*[# 134]+0.002*[# 135]
          +0.002*[# 138]+0.001*[#  13]+0.001*[#  37]
    |psi|^2 = 0.984
==== e(  25) =   -13.77387 eV ==== 
     psi = 0.042*[#  23]+0.042*[#  51]+0.042*[#  79]+0.042*[# 107]+0.034*[#   7]
          +0.034*[#  27]+0.034*[# 103]+0.034*[# 123]+0.020*[#  45]+0.020*[#  81]
          +0.015*[#  20]+0.015*[#  32]+0.015*[# 100]+0.015*[# 112]+0.015*[#   1]
          +0.015*[#  33]+0.015*[#  57]+0.015*[#  69]+0.015*[#  93]+0.015*[# 125]
          +0.014*[# 129]+0.014*[# 133]+0.014*[# 136]+0.014*[# 140]+0.013*[#  43]
          +0.013*[#  55]+0.013*[#  75]+0.013*[#  87]+0.013*[#  15]+0.013*[#  39]
          +0.013*[#  91]+0.013*[# 115]+0.012*[#  11]+0.012*[#  63]+0.012*[#  67]
          +0.012*[# 119]+0.011*[# 130]+0.011*[# 132]+0.011*[# 137]+0.011*[# 139]
          +0.011*[#   3]+0.011*[#  59]+0.011*[#  71]+0.011*[# 127]+0.008*[#  17]
          +0.008*[#  29]+0.008*[#  97]+0.008*[# 109]+0.006*[# 141]+0.006*[# 142]
          +0.006*[#  21]+0.006*[#  49]+0.006*[#  77]+0.006*[# 105]+0.005*[#   5]
          +0.005*[#   9]+0.005*[#  25]+0.005*[#  61]+0.005*[#  65]+0.005*[# 101]
          +0.005*[# 117]+0.005*[# 121]+0.005*[#  44]+0.005*[#  56]+0.005*[#  76]
          +0.005*[#  88]+0.004*[#  24]+0.004*[#  48]+0.004*[#  52]+0.004*[#  80]
          +0.004*[#  84]+0.004*[# 108]+0.002*[#   4]+0.002*[#  60]+0.002*[#  72]
          +0.002*[# 128]+0.002*[#  19]+0.002*[#  31]+0.002*[#  41]+0.002*[#  53]
          +0.002*[#  73]+0.002*[#  85]+0.002*[#  99]+0.002*[# 111]+0.002*[#  13]
          +0.002*[#  37]+0.002*[#  89]+0.002*[# 113]+0.001*[# 131]+0.001*[# 134]
          +0.001*[# 135]+0.001*[# 138]
    |psi|^2 = 0.981
==== e(  26) =   -13.30288 eV ==== 
     psi = 0.056*[#  36]+0.056*[#  96]+0.052*[#  44]+0.052*[#  56]+0.052*[#  76]
          +0.052*[#  88]+0.033*[# 141]+0.033*[# 142]+0.029*[#  16]+0.029*[#  40]
          +0.029*[#  92]+0.029*[# 116]+0.026*[#  12]+0.026*[#  64]+0.026*[#  68]
          +0.026*[# 120]+0.026*[#  45]+0.026*[#  81]+0.016*[#  33]+0.016*[#  93]
          +0.016*[# 131]+0.016*[# 134]+0.016*[# 135]+0.016*[# 138]+0.014*[#  13]
          +0.014*[#  37]+0.014*[#  89]+0.014*[# 113]+0.010*[#  21]+0.010*[#  49]
          +0.010*[#  77]+0.010*[# 105]+0.008*[#  20]+0.008*[#  32]+0.008*[# 100]
          +0.008*[# 112]+0.008*[#   9]+0.008*[#  61]+0.008*[#  65]+0.008*[# 117]
          +0.007*[#  48]+0.007*[#  84]+0.004*[#   4]+0.004*[#  60]+0.004*[#  72]
          +0.004*[# 128]+0.002*[#  24]+0.002*[#  52]+0.002*[#  80]+0.002*[# 108]
          +0.002*[#   1]+0.002*[#  19]+0.002*[#  31]+0.002*[#  57]+0.002*[#  69]
          +0.002*[#  99]+0.002*[# 111]+0.002*[# 125]+0.001*[#  43]+0.001*[#  55]
          +0.001*[#  75]+0.001*[#  87]
    |psi|^2 = 0.980
==== e(  27) =   -13.01915 eV ==== 
     psi = 0.056*[#  48]+0.056*[#  84]+0.035*[#   4]+0.035*[#  60]+0.035*[#  72]
          +0.035*[# 128]+0.026*[#  11]+0.026*[#  24]+0.026*[#  52]+0.026*[#  63]
          +0.026*[#  67]+0.026*[#  80]+0.026*[# 108]+0.026*[# 119]+0.024*[#  36]
          +0.024*[#  96]+0.022*[#  43]+0.022*[#  55]+0.022*[#  75]+0.022*[#  87]
          +0.014*[#  15]+0.014*[#  39]+0.014*[#  91]+0.014*[# 115]+0.013*[#  20]
          +0.013*[#  32]+0.013*[# 100]+0.013*[# 112]+0.009*[#  23]+0.009*[#  51]
          +0.009*[#  79]+0.009*[# 107]+0.009*[# 141]+0.009*[# 142]+0.008*[#  12]
          +0.008*[#  64]+0.008*[#  68]+0.008*[# 120]+0.007*[# 129]+0.007*[# 133]
          +0.007*[# 136]+0.007*[# 140]+0.007*[#  16]+0.007*[#  40]+0.007*[#  92]
          +0.007*[# 116]+0.006*[#   7]+0.006*[#  27]+0.006*[# 103]+0.006*[# 123]
          +0.004*[#   1]+0.004*[#  57]+0.004*[#  69]+0.004*[# 125]+0.004*[# 131]
          +0.004*[# 134]+0.004*[# 135]+0.004*[# 138]+0.004*[#   8]+0.004*[#  28]
          +0.004*[# 104]+0.004*[# 124]+0.003*[#  44]+0.003*[#  56]+0.003*[#  76]
          +0.003*[#  88]+0.003*[# 130]+0.003*[# 132]+0.003*[# 137]+0.003*[# 139]
          +0.003*[#  17]+0.003*[#  29]+0.003*[#  97]+0.003*[# 109]+0.002*[#  33]
          +0.002*[#  93]+0.002*[#   9]+0.002*[#  61]+0.002*[#  65]+0.002*[# 117]
          +0.001*[#  21]+0.001*[#  49]+0.001*[#  77]+0.001*[# 105]+0.001*[#  45]
          +0.001*[#  81]
    |psi|^2 = 0.980
==== e(  28) =   -12.96497 eV ==== 
     psi = 0.028*[#  12]+0.028*[#  64]+0.028*[#  68]+0.028*[# 120]+0.026*[# 131]
          +0.026*[# 134]+0.026*[# 135]+0.026*[# 138]+0.025*[#  20]+0.025*[#  32]
          +0.025*[# 100]+0.025*[# 112]+0.023*[#   4]+0.023*[#  60]+0.023*[#  72]
          +0.023*[# 128]+0.021*[#   9]+0.021*[#  61]+0.021*[#  65]+0.021*[# 117]
          +0.021*[#  44]+0.021*[#  56]+0.021*[#  76]+0.021*[#  88]+0.018*[#   5]
          +0.018*[#  25]+0.018*[# 101]+0.018*[# 121]+0.015*[#  35]+0.015*[#  95]
          +0.014*[#  47]+0.014*[#  83]+0.012*[# 130]+0.012*[# 132]+0.012*[# 137]
          +0.012*[# 139]+0.011*[#  13]+0.011*[#  37]+0.011*[#  89]+0.011*[# 113]
          +0.009*[#   8]+0.009*[#  28]+0.009*[# 104]+0.009*[# 124]+0.007*[#   1]
          +0.007*[#  57]+0.007*[#  69]+0.007*[# 125]+0.005*[#  41]+0.005*[#  53]
          +0.005*[#  73]+0.005*[#  85]+0.005*[#  23]+0.005*[#  51]+0.005*[#  79]
          +0.005*[# 107]+0.005*[#  19]+0.005*[#  31]+0.005*[#  99]+0.005*[# 111]
          +0.005*[#  21]+0.005*[#  49]+0.005*[#  77]+0.005*[# 105]+0.003*[#  15]
          +0.003*[#  39]+0.003*[#  91]+0.003*[# 115]+0.003*[#   3]+0.003*[#  59]
          +0.003*[#  71]+0.003*[# 127]+0.002*[#  11]+0.002*[#  63]+0.002*[#  67]
          +0.002*[# 119]+0.001*[#  17]+0.001*[#  29]+0.001*[#  97]+0.001*[# 109]
          
    |psi|^2 = 0.987
==== e(  29) =   -12.92792 eV ==== 
     psi = 0.050*[#  35]+0.050*[#  95]+0.030*[#  47]+0.030*[#  83]+0.027*[#   3]
          +0.027*[#  59]+0.027*[#  71]+0.027*[# 127]+0.022*[#  19]+0.022*[#  31]
          +0.022*[#  99]+0.022*[# 111]+0.021*[#   8]+0.021*[#  28]+0.021*[# 104]
          +0.021*[# 124]+0.020*[#  16]+0.020*[#  40]+0.020*[#  92]+0.020*[# 116]
          +0.019*[#  24]+0.019*[#  52]+0.019*[#  80]+0.019*[# 108]+0.016*[#   7]
          +0.016*[#  27]+0.016*[#  43]+0.016*[#  55]+0.016*[#  75]+0.016*[#  87]
          +0.016*[# 103]+0.016*[# 123]+0.014*[#  12]+0.014*[#  64]+0.014*[#  68]
          +0.014*[# 120]+0.012*[#  15]+0.012*[#  39]+0.012*[#  91]+0.012*[# 115]
          +0.009*[#  44]+0.009*[#  56]+0.009*[#  76]+0.009*[#  88]+0.007*[# 129]
          +0.007*[# 133]+0.007*[# 136]+0.007*[# 140]+0.005*[#  11]+0.005*[#  63]
          +0.005*[#  67]+0.005*[# 119]+0.004*[#  13]+0.004*[#  37]+0.004*[#  89]
          +0.004*[# 113]+0.003*[#  17]+0.003*[#  29]+0.003*[#  97]+0.003*[# 109]
          +0.003*[# 131]+0.003*[# 134]+0.003*[# 135]+0.003*[# 138]+0.002*[#   5]
          +0.002*[#  25]+0.002*[# 101]+0.002*[# 121]+0.002*[# 130]+0.002*[# 132]
          +0.002*[# 137]+0.002*[# 139]+0.001*[#   1]+0.001*[#  57]+0.001*[#  69]
          +0.001*[# 125]
    |psi|^2 = 0.981
==== e(  30) =   -12.07244 eV ==== 
     psi = 0.067*[#   7]+0.067*[#  27]+0.067*[# 103]+0.067*[# 123]+0.036*[#  47]
          +0.036*[#  83]+0.024*[# 130]+0.024*[# 132]+0.024*[# 137]+0.024*[# 139]
          +0.021*[#  20]+0.021*[#  32]+0.021*[# 100]+0.021*[# 112]+0.018*[#  35]
          +0.018*[#  95]+0.015*[#  43]+0.015*[#  55]+0.015*[#  75]+0.015*[#  87]
          +0.013*[#  21]+0.013*[#  49]+0.013*[#  77]+0.013*[# 105]+0.012*[#  16]
          +0.012*[#  40]+0.012*[#  92]+0.012*[# 116]+0.009*[#   4]+0.009*[#  60]
          +0.009*[#  72]+0.009*[# 128]+0.008*[#  11]+0.008*[#  63]+0.008*[#  67]
          +0.008*[# 119]+0.008*[#  24]+0.008*[#  52]+0.008*[#  80]+0.008*[# 108]
          +0.007*[#   3]+0.007*[#  41]+0.007*[#  53]+0.007*[#  59]+0.007*[#  71]
          +0.007*[#  73]+0.007*[#  85]+0.007*[# 127]+0.006*[#   8]+0.006*[#  28]
          +0.006*[# 104]+0.006*[# 124]+0.006*[#  23]+0.006*[#  51]+0.006*[#  79]
          +0.006*[# 107]+0.003*[#   9]+0.003*[#  61]+0.003*[#  65]+0.003*[# 117]
          +0.003*[# 131]+0.003*[# 134]+0.003*[# 135]+0.003*[# 138]+0.002*[#  12]
          +0.002*[#  64]+0.002*[#  68]+0.002*[# 120]+0.002*[#  13]+0.002*[#  37]
          +0.002*[#  89]+0.002*[# 113]+0.001*[# 129]+0.001*[# 133]+0.001*[# 136]
          +0.001*[# 140]+0.001*[#  19]+0.001*[#  31]+0.001*[#  99]+0.001*[# 111]
          
    |psi|^2 = 0.981
==== e(  31) =   -11.85717 eV ==== 
     psi = 0.044*[#  43]+0.044*[#  55]+0.044*[#  75]+0.044*[#  87]+0.041*[#  23]
          +0.041*[#  51]+0.041*[#  79]+0.041*[# 107]+0.018*[#   3]+0.018*[#  59]
          +0.018*[#  71]+0.018*[# 127]+0.017*[# 130]+0.017*[# 132]+0.017*[# 137]
          +0.017*[# 139]+0.016*[#  17]+0.016*[#  29]+0.016*[#  97]+0.016*[# 109]
          +0.016*[#   4]+0.016*[#  60]+0.016*[#  72]+0.016*[# 128]+0.016*[# 129]
          +0.016*[# 133]+0.016*[# 136]+0.016*[# 140]+0.015*[#   7]+0.015*[#  27]
          +0.015*[# 103]+0.015*[# 123]+0.012*[#  45]+0.012*[#  81]+0.010*[#  41]
          +0.010*[#  53]+0.010*[#  73]+0.010*[#  85]+0.009*[#  48]+0.009*[#  84]
          +0.008*[#  19]+0.008*[#  31]+0.008*[#  99]+0.008*[# 111]+0.007*[#   5]
          +0.007*[#  25]+0.007*[# 101]+0.007*[# 121]+0.006*[#   8]+0.006*[#  28]
          +0.006*[# 104]+0.006*[# 124]+0.006*[# 141]+0.006*[# 142]+0.005*[#  36]
          +0.005*[#  96]+0.004*[#  33]+0.004*[#  93]+0.003*[#  21]+0.003*[#  49]
          +0.003*[#  77]+0.003*[# 105]+0.002*[#  11]+0.002*[#  63]+0.002*[#  67]
          +0.002*[# 119]+0.002*[#   1]+0.002*[#   9]+0.002*[#  16]+0.002*[#  40]
          +0.002*[#  57]+0.002*[#  61]+0.002*[#  65]+0.002*[#  69]+0.002*[#  92]
          +0.002*[# 116]+0.002*[#  24]+0.002*[#  52]+0.002*[#  80]+0.002*[# 108]
          +0.002*[# 117]+0.002*[# 125]
    |psi|^2 = 0.985
==== e(  32) =   -11.59395 eV ==== 
     psi = 0.052*[#   8]+0.053*[#  28]+0.053*[# 104]+0.052*[# 124]+0.049*[#  19]
          +0.049*[#  31]+0.049*[#  99]+0.049*[# 111]+0.029*[#   3]+0.029*[#  59]
          +0.029*[#  71]+0.029*[# 127]+0.021*[#  11]+0.021*[#  63]+0.021*[#  67]
          +0.021*[# 119]+0.018*[#  12]+0.018*[#  64]+0.018*[#  68]+0.018*[# 120]
          +0.014*[#   7]+0.014*[#  27]+0.014*[# 103]+0.014*[# 123]+0.013*[#  23]
          +0.013*[#  51]+0.013*[#  79]+0.013*[# 107]+0.010*[# 131]+0.010*[# 134]
          +0.010*[# 135]+0.010*[# 138]+0.009*[#  24]+0.009*[#  52]+0.009*[#  80]
          +0.009*[# 108]+0.008*[#  48]+0.008*[#  84]+0.008*[#  33]+0.008*[#  93]
          +0.006*[#  15]+0.006*[#  39]+0.006*[#  91]+0.006*[# 115]+0.003*[#  45]
          +0.003*[#  81]+0.003*[# 129]+0.003*[# 133]+0.003*[# 136]+0.003*[# 140]
          +0.003*[# 141]+0.003*[# 142]+0.002*[#  41]+0.002*[#  53]+0.002*[#  73]
          +0.002*[#  85]+0.002*[#   9]+0.002*[#  13]+0.002*[#  37]+0.002*[#  61]
          +0.002*[#  65]+0.002*[#  89]+0.002*[# 113]+0.002*[# 117]+0.002*[#  17]
          +0.002*[#  29]+0.002*[#  97]+0.002*[# 109]+0.001*[#   1]+0.001*[#  57]
          +0.001*[#  69]+0.001*[# 125]
    |psi|^2 = 0.985
==== e(  33) =   -11.57107 eV ==== 
     psi = 0.067*[#  35]+0.067*[#  95]+0.039*[#  12]+0.039*[#  64]+0.039*[#  68]
          +0.039*[# 120]+0.039*[#   3]+0.039*[#  59]+0.039*[#  71]+0.039*[# 127]
          +0.028*[#  15]+0.028*[#  39]+0.028*[#  91]+0.028*[# 115]+0.023*[#  16]
          +0.023*[#  40]+0.023*[#  92]+0.023*[# 116]+0.017*[# 129]+0.017*[# 133]
          +0.017*[# 136]+0.017*[# 140]+0.014*[#  44]+0.014*[#  56]+0.014*[#  76]
          +0.014*[#  88]+0.009*[#  47]+0.009*[#  83]+0.009*[# 130]+0.009*[# 132]
          +0.009*[# 137]+0.009*[# 139]+0.008*[# 131]+0.008*[# 134]+0.008*[# 135]
          +0.008*[# 138]+0.007*[#   5]+0.007*[#  25]+0.007*[# 101]+0.007*[# 121]
          +0.005*[#  21]+0.005*[#  49]+0.005*[#  77]+0.005*[# 105]+0.004*[#   7]
          +0.004*[#  27]+0.004*[# 103]+0.004*[# 123]+0.003*[#   8]+0.003*[#  28]
          +0.003*[# 104]+0.003*[# 124]+0.003*[#   1]+0.003*[#  57]+0.003*[#  69]
          +0.003*[# 125]+0.002*[#  17]+0.002*[#  29]+0.002*[#  97]+0.002*[# 109]
          +0.001*[#  19]+0.001*[#  31]+0.001*[#  99]+0.001*[# 111]+0.001*[#  43]
          +0.001*[#  55]+0.001*[#  75]+0.001*[#  87]
    |psi|^2 = 0.984
==== e(  34) =   -11.56801 eV ==== 
     psi = 0.033*[#   4]+0.033*[#  60]+0.033*[#  72]+0.033*[# 128]+0.030*[# 129]
          +0.030*[# 133]+0.030*[# 136]+0.030*[# 140]+0.029*[#  44]+0.029*[#  56]
          +0.029*[#  76]+0.029*[#  88]+0.017*[#  24]+0.017*[#  52]+0.017*[#  80]
          +0.017*[# 108]+0.017*[#   3]+0.017*[#  59]+0.017*[#  71]+0.017*[# 127]
          +0.016*[#  16]+0.016*[#  40]+0.016*[#  92]+0.016*[# 116]+0.015*[#  47]
          +0.015*[#  83]+0.014*[#  11]+0.014*[#  63]+0.014*[#  67]+0.014*[# 119]
          +0.014*[#  15]+0.014*[#  39]+0.014*[#  91]+0.014*[# 115]+0.011*[#   1]
          +0.011*[#  57]+0.011*[#  69]+0.011*[# 125]+0.010*[#   8]+0.010*[#  28]
          +0.010*[# 104]+0.010*[# 124]+0.008*[#  35]+0.008*[#  95]+0.008*[#  17]
          +0.008*[#  29]+0.008*[#  97]+0.008*[# 109]+0.007*[#  13]+0.007*[#  37]
          +0.007*[#  89]+0.007*[# 113]+0.007*[#   9]+0.007*[#  61]+0.007*[#  65]
          +0.007*[# 117]+0.006*[# 131]+0.006*[# 134]+0.006*[# 135]+0.006*[# 138]
          +0.005*[#  20]+0.005*[#  32]+0.005*[# 100]+0.005*[# 112]+0.004*[#  23]
          +0.004*[#  51]+0.004*[#  79]+0.004*[# 107]+0.003*[#  21]+0.003*[#  49]
          +0.003*[#  77]+0.003*[# 105]+0.002*[#  12]+0.002*[#  64]+0.002*[#  68]
          +0.002*[# 120]
    |psi|^2 = 0.987
==== e(  35) =   -11.31905 eV ==== 
     psi = 0.072*[#  36]+0.072*[#  96]+0.033*[#   4]+0.033*[#  20]+0.033*[#  32]
          +0.033*[#  60]+0.033*[#  72]+0.033*[# 100]+0.033*[# 112]+0.033*[# 128]
          +0.027*[#  15]+0.027*[#  39]+0.027*[#  91]+0.027*[# 115]+0.026*[#  12]
          +0.026*[#  64]+0.026*[#  68]+0.026*[# 120]+0.026*[# 141]+0.026*[# 142]
          +0.024*[#  11]+0.024*[#  63]+0.024*[#  67]+0.024*[# 119]+0.012*[# 131]
          +0.012*[# 134]+0.012*[# 135]+0.012*[# 138]+0.009*[#  23]+0.009*[#  51]
          +0.009*[#  79]+0.009*[# 107]+0.007*[#  45]+0.007*[#  81]+0.006*[#  16]
          +0.006*[#  40]+0.006*[#  92]+0.006*[# 116]+0.005*[#  44]+0.005*[#  56]
          +0.005*[#  76]+0.005*[#  88]+0.005*[#  21]+0.005*[#  49]+0.005*[#  77]
          +0.005*[# 105]+0.003*[#   7]+0.003*[#  27]+0.003*[# 103]+0.003*[# 123]
          +0.002*[#  19]+0.002*[#  31]+0.002*[#  99]+0.002*[# 111]+0.002*[#   9]
          +0.002*[#  61]+0.002*[#  65]+0.002*[# 117]+0.001*[# 129]+0.001*[# 133]
          +0.001*[# 136]+0.001*[# 140]+0.001*[#  24]+0.001*[#  48]+0.001*[#  52]
          +0.001*[#  80]+0.001*[#  84]+0.001*[# 108]
    |psi|^2 = 0.985
==== e(  36) =   -10.90457 eV ==== 
     psi = 0.090*[#  36]+0.090*[#  96]+0.055*[# 141]+0.055*[# 142]+0.047*[#  24]
          +0.047*[#  52]+0.047*[#  80]+0.047*[# 108]+0.044*[#  48]+0.044*[#  84]
          +0.019*[#  12]+0.019*[#  64]+0.019*[#  68]+0.019*[# 120]+0.015*[#   7]
          +0.015*[#  27]+0.015*[# 103]+0.015*[# 123]+0.015*[#  41]+0.015*[#  53]
          +0.015*[#  73]+0.015*[#  85]+0.013*[#  13]+0.013*[#  37]+0.013*[#  89]
          +0.013*[# 113]+0.009*[# 131]+0.009*[# 134]+0.009*[# 135]+0.009*[# 138]
          +0.007*[# 130]+0.007*[# 132]+0.007*[# 137]+0.007*[# 139]+0.006*[#   8]
          +0.006*[#  28]+0.006*[# 104]+0.006*[# 124]+0.005*[#  33]+0.005*[#  93]
          +0.005*[#  11]+0.005*[#  23]+0.005*[#  51]+0.005*[#  63]+0.005*[#  67]
          +0.005*[#  79]+0.005*[# 107]+0.005*[# 119]+0.002*[#  44]+0.002*[#  56]
          +0.002*[#  76]+0.002*[#  88]+0.002*[#  20]+0.002*[#  21]+0.002*[#  32]
          +0.002*[#  49]+0.002*[#  77]+0.002*[# 100]+0.002*[# 105]+0.002*[# 112]
          +0.001*[#  16]+0.001*[#  40]+0.001*[#  45]+0.001*[#  81]
    |psi|^2 = 0.985
==== e(  37) =   -10.58225 eV ==== 
     psi = 0.055*[#   7]+0.055*[#  27]+0.055*[# 103]+0.055*[# 123]+0.052*[#  48]
          +0.052*[#  84]+0.028*[# 130]+0.028*[# 132]+0.028*[# 137]+0.028*[# 139]
          +0.022*[#   8]+0.022*[#  28]+0.022*[# 104]+0.022*[# 124]+0.019*[#  12]
          +0.019*[#  64]+0.019*[#  68]+0.019*[# 120]+0.015*[#  43]+0.015*[#  55]
          +0.015*[#  75]+0.015*[#  87]+0.014*[# 131]+0.014*[# 134]+0.014*[# 135]
          +0.014*[# 138]+0.013*[#  23]+0.013*[#  51]+0.013*[#  79]+0.013*[# 107]
          +0.011*[#  19]+0.011*[#  31]+0.011*[#  99]+0.011*[# 111]+0.009*[#   4]
          +0.009*[#  60]+0.009*[#  72]+0.009*[# 128]+0.008*[# 129]+0.008*[# 133]
          +0.008*[# 136]+0.008*[# 140]+0.004*[#  13]+0.004*[#  37]+0.004*[#  89]
          +0.004*[# 113]+0.004*[#   3]+0.004*[#  59]+0.004*[#  71]+0.004*[# 127]
          +0.003*[#  17]+0.003*[#  20]+0.003*[#  29]+0.003*[#  32]+0.003*[#  97]
          +0.003*[# 100]+0.003*[# 109]+0.003*[# 112]+0.003*[#   1]+0.003*[#  21]
          +0.003*[#  49]+0.003*[#  57]+0.003*[#  69]+0.003*[#  77]+0.003*[# 105]
          +0.003*[# 125]+0.002*[#   9]+0.002*[#  61]+0.002*[#  65]+0.002*[# 117]
          
    |psi|^2 = 0.985
==== e(  38) =   -10.57786 eV ==== 
     psi = 0.086*[#  46]+0.086*[#  82]+0.064*[#  42]+0.064*[#  54]+0.064*[#  74]
          +0.064*[#  86]+0.052*[#  22]+0.052*[#  50]+0.052*[#  78]+0.052*[# 106]
          +0.029*[#  14]+0.029*[#  38]+0.029*[#  90]+0.029*[# 114]+0.021*[#  18]
          +0.021*[#  30]+0.021*[#  98]+0.021*[# 110]+0.016*[#  34]+0.016*[#  94]
          +0.009*[#  10]+0.009*[#  62]+0.009*[#  66]+0.009*[# 118]+0.008*[#   2]
          +0.008*[#  58]+0.008*[#  70]+0.008*[# 126]+0.007*[#   6]+0.007*[#  26]
          +0.007*[# 102]+0.007*[# 122]
    |psi|^2 = 0.958
==== e(  39) =   -10.40640 eV ==== 
     psi = 0.044*[#  12]+0.044*[#  64]+0.044*[#  68]+0.044*[# 120]+0.037*[#   8]
          +0.037*[#  28]+0.037*[# 104]+0.037*[# 124]+0.034*[#  47]+0.034*[#  83]
          +0.026*[# 131]+0.026*[# 134]+0.026*[# 135]+0.026*[# 138]+0.022*[#  35]
          +0.022*[#  95]+0.022*[#  43]+0.022*[#  55]+0.022*[#  75]+0.022*[#  87]
          +0.017*[#   3]+0.017*[#  59]+0.017*[#  71]+0.017*[# 127]+0.015*[#  16]
          +0.015*[#  40]+0.015*[#  92]+0.015*[# 116]+0.011*[#  44]+0.011*[#  56]
          +0.011*[#  76]+0.011*[#  88]+0.007*[#  24]+0.007*[#  52]+0.007*[#  80]
          +0.007*[# 108]+0.007*[#  19]+0.007*[#  31]+0.007*[#  99]+0.007*[# 111]
          +0.004*[#   1]+0.004*[#  57]+0.004*[#  69]+0.004*[# 125]+0.004*[#   4]
          +0.004*[#  60]+0.004*[#  72]+0.004*[# 128]+0.004*[#  20]+0.004*[#  32]
          +0.004*[#  41]+0.004*[#  53]+0.004*[#  73]+0.004*[#  85]+0.004*[# 100]
          +0.004*[# 112]+0.004*[# 130]+0.004*[# 132]+0.004*[# 137]+0.004*[# 139]
          +0.003*[#  15]+0.003*[#  39]+0.003*[#  91]+0.003*[# 115]+0.003*[#  23]
          +0.003*[#  51]+0.003*[#  79]+0.003*[# 107]+0.003*[# 129]+0.003*[# 133]
          +0.003*[# 136]+0.003*[# 140]+0.002*[#  21]+0.002*[#  49]+0.002*[#  77]
          +0.002*[# 105]+0.001*[#   9]+0.001*[#  61]+0.001*[#  65]+0.001*[# 117]
          
    |psi|^2 = 0.986
==== e(  40) =   -10.30672 eV ==== 
     psi = 0.042*[#  20]+0.042*[#  32]+0.042*[# 100]+0.042*[# 112]+0.042*[#  44]
          +0.042*[#  56]+0.042*[#  76]+0.042*[#  88]+0.033*[#  16]+0.033*[#  40]
          +0.033*[#  92]+0.033*[# 116]+0.032*[#   4]+0.032*[#  60]+0.032*[#  72]
          +0.032*[# 128]+0.026*[#  23]+0.026*[#  51]+0.026*[#  79]+0.026*[# 107]
          +0.022*[#  11]+0.022*[#  63]+0.022*[#  67]+0.022*[# 119]+0.017*[#   7]
          +0.017*[#  27]+0.017*[# 103]+0.017*[# 123]+0.008*[#  15]+0.008*[#  39]
          +0.008*[#  91]+0.008*[# 115]+0.006*[# 130]+0.006*[# 132]+0.006*[# 137]
          +0.006*[# 139]+0.005*[#  43]+0.005*[#  55]+0.005*[#  75]+0.005*[#  87]
          +0.004*[#  47]+0.004*[#  83]+0.003*[#  12]+0.003*[#  64]+0.003*[#  68]
          +0.003*[# 120]+0.002*[#  17]+0.002*[#  29]+0.002*[#  97]+0.002*[# 109]
          +0.002*[# 129]+0.002*[# 133]+0.002*[# 136]+0.002*[# 140]+0.002*[#  13]
          +0.002*[#  37]+0.002*[#  89]+0.002*[# 113]
    |psi|^2 = 0.991
==== e(  41) =   -10.28831 eV ==== 
     psi = 0.077*[#   3]+0.077*[#  59]+0.077*[#  71]+0.077*[# 127]+0.039*[#  11]
          +0.039*[#  63]+0.039*[#  67]+0.039*[# 119]+0.030*[#  12]+0.030*[#  64]
          +0.030*[#  68]+0.030*[# 120]+0.020*[# 129]+0.020*[# 133]+0.020*[# 136]
          +0.020*[# 140]+0.017*[# 130]+0.017*[# 132]+0.017*[# 137]+0.017*[# 139]
          +0.012*[# 131]+0.012*[# 134]+0.012*[# 135]+0.012*[# 138]+0.011*[#   7]
          +0.011*[#  27]+0.011*[# 103]+0.011*[# 123]+0.009*[#  33]+0.009*[#  93]
          +0.008*[#   5]+0.008*[#  25]+0.008*[# 101]+0.008*[# 121]+0.008*[# 141]
          +0.008*[# 142]+0.004*[#  15]+0.004*[#  39]+0.004*[#  91]+0.004*[# 115]
          +0.003*[#   4]+0.003*[#  60]+0.003*[#  72]+0.003*[# 128]+0.003*[#  13]
          +0.003*[#  37]+0.003*[#  89]+0.003*[# 113]+0.003*[#   8]+0.003*[#  20]
          +0.003*[#  28]+0.003*[#  32]+0.003*[# 100]+0.003*[# 104]+0.003*[# 112]
          +0.003*[# 124]+0.003*[#  36]+0.003*[#  96]+0.002*[#  17]+0.002*[#  29]
          +0.002*[#  97]+0.002*[# 109]+0.002*[#  19]+0.002*[#  31]+0.002*[#  99]
          +0.002*[# 111]+0.001*[#  16]+0.001*[#  40]+0.001*[#  92]+0.001*[# 116]
          
    |psi|^2 = 0.989
==== e(  42) =   -10.12885 eV ==== 
     psi = 0.044*[#  19]+0.044*[#  31]+0.044*[#  99]+0.044*[# 111]+0.043*[#  12]
          +0.043*[#  64]+0.043*[#  68]+0.043*[# 120]+0.041*[#  24]+0.041*[#  52]
          +0.041*[#  80]+0.041*[# 108]+0.029*[#  15]+0.029*[#  39]+0.029*[#  91]
          +0.029*[# 115]+0.025*[#  35]+0.025*[#  95]+0.018*[#   7]+0.018*[#  27]
          +0.018*[# 103]+0.018*[# 123]+0.015*[# 131]+0.015*[# 134]+0.015*[# 135]
          +0.015*[# 138]+0.014*[#  23]+0.014*[#  51]+0.014*[#  79]+0.014*[# 107]
          +0.012*[#   8]+0.012*[#  28]+0.012*[# 104]+0.012*[# 124]+0.008*[#  47]
          +0.008*[#  83]+0.003*[#  11]+0.003*[#  63]+0.003*[#  67]+0.003*[# 119]
          +0.002*[#  17]+0.002*[#  29]+0.002*[#  43]+0.002*[#  55]+0.002*[#  75]
          +0.002*[#  87]+0.002*[#  97]+0.002*[# 109]+0.002*[#  16]+0.002*[#  40]
          +0.002*[#  92]+0.002*[# 116]+0.001*[#   3]+0.001*[#  59]+0.001*[#  71]
          +0.001*[# 127]+0.001*[# 130]+0.001*[# 132]+0.001*[# 137]+0.001*[# 139]
          +0.001*[#  41]+0.001*[#  53]+0.001*[#  73]+0.001*[#  85]
    |psi|^2 = 0.990
==== e(  43) =    -9.97207 eV ==== 
     psi = 0.071*[#  47]+0.071*[#  83]+0.049*[#  43]+0.049*[#  55]+0.049*[#  75]
          +0.049*[#  87]+0.024*[# 129]+0.024*[# 133]+0.024*[# 136]+0.024*[# 140]
          +0.023*[#   7]+0.023*[#  27]+0.023*[# 103]+0.023*[# 123]+0.022*[#   3]
          +0.022*[#  59]+0.022*[#  71]+0.022*[# 127]+0.020*[#   4]+0.020*[#  60]
          +0.020*[#  72]+0.020*[# 128]+0.019*[# 130]+0.019*[# 132]+0.019*[# 137]
          +0.019*[# 139]+0.009*[#  17]+0.009*[#  29]+0.009*[#  97]+0.009*[# 109]
          +0.009*[#  21]+0.009*[#  49]+0.009*[#  77]+0.009*[# 105]+0.006*[#  24]
          +0.006*[#  52]+0.006*[#  80]+0.006*[# 108]+0.005*[#  41]+0.005*[#  53]
          +0.005*[#  73]+0.005*[#  85]+0.005*[#  19]+0.005*[#  31]+0.005*[#  99]
          +0.005*[# 111]+0.004*[#  44]+0.004*[#  56]+0.004*[#  76]+0.004*[#  88]
          +0.003*[# 131]+0.003*[# 134]+0.003*[# 135]+0.003*[# 138]+0.003*[#   9]
          +0.003*[#  61]+0.003*[#  65]+0.003*[# 117]+0.003*[#  20]+0.003*[#  32]
          +0.003*[# 100]+0.003*[# 112]+0.002*[#  35]+0.002*[#  95]+0.002*[#   5]
          +0.002*[#  25]+0.002*[# 101]+0.002*[# 121]+0.001*[#   8]+0.001*[#  28]
          +0.001*[# 104]+0.001*[# 124]+0.001*[#  13]+0.001*[#  37]+0.001*[#  89]
          +0.001*[# 113]
    |psi|^2 = 0.990
==== e(  44) =    -9.94703 eV ==== 
     psi = 0.077*[#  48]+0.077*[#  84]+0.066*[#  36]+0.066*[#  96]+0.044*[#  12]
          +0.044*[#  64]+0.044*[#  68]+0.044*[# 120]+0.043*[#  24]+0.043*[#  52]
          +0.043*[#  80]+0.043*[# 108]+0.030*[# 141]+0.030*[# 142]+0.020*[#  43]
          +0.020*[#  55]+0.020*[#  75]+0.020*[#  87]+0.020*[# 131]+0.020*[# 134]
          +0.020*[# 135]+0.020*[# 138]+0.014*[#  15]+0.014*[#  39]+0.014*[#  91]
          +0.014*[# 115]+0.007*[#   3]+0.007*[#  59]+0.007*[#  71]+0.007*[# 127]
          +0.006*[#  19]+0.006*[#  31]+0.006*[#  99]+0.006*[# 111]+0.002*[# 129]
          +0.002*[# 133]+0.002*[# 136]+0.002*[# 140]+0.001*[#   4]+0.001*[#  60]
          +0.001*[#  72]+0.001*[# 128]
    |psi|^2 = 0.991
==== e(  45) =    -9.87393 eV ==== 
     psi = 0.081*[#  22]+0.081*[#  50]+0.081*[#  78]+0.081*[# 106]+0.061*[#  18]
          +0.061*[#  30]+0.061*[#  98]+0.061*[# 110]+0.031*[#   6]+0.031*[#  26]
          +0.031*[# 102]+0.031*[# 122]+0.026*[#  42]+0.026*[#  54]+0.026*[#  74]
          +0.026*[#  86]+0.021*[#   2]+0.021*[#  58]+0.021*[#  70]+0.021*[# 126]
          +0.012*[#  10]+0.012*[#  62]+0.012*[#  66]+0.012*[# 118]+0.011*[#  14]
          +0.011*[#  38]+0.011*[#  90]+0.011*[# 114]
    |psi|^2 = 0.970
==== e(  46) =    -9.72441 eV ==== 
     psi = 0.055*[#   8]+0.055*[#  28]+0.055*[# 104]+0.055*[# 124]+0.034*[#  43]
          +0.034*[#  55]+0.034*[#  75]+0.034*[#  87]+0.029*[#  23]+0.029*[#  51]
          +0.029*[#  79]+0.029*[# 107]+0.026*[# 130]+0.026*[# 132]+0.026*[# 137]
          +0.026*[# 139]+0.023*[#   7]+0.023*[#  27]+0.023*[# 103]+0.023*[# 123]
          +0.019*[#  24]+0.019*[#  47]+0.019*[#  52]+0.019*[#  80]+0.019*[#  83]
          +0.019*[# 108]+0.014*[#   3]+0.014*[#  59]+0.014*[#  71]+0.014*[# 127]
          +0.010*[#  16]+0.010*[#  40]+0.010*[#  92]+0.010*[# 116]+0.007*[# 129]
          +0.007*[# 133]+0.007*[# 136]+0.007*[# 140]+0.006*[#  44]+0.006*[#  56]
          +0.006*[#  76]+0.006*[#  88]+0.006*[#  11]+0.006*[#  63]+0.006*[#  67]
          +0.006*[# 119]+0.003*[#  35]+0.003*[#  95]+0.002*[#  20]+0.002*[#  32]
          +0.002*[# 100]+0.002*[# 112]+0.001*[#   9]+0.001*[#  61]+0.001*[#  65]
          +0.001*[# 117]+0.001*[#   1]+0.001*[#  57]+0.001*[#  69]+0.001*[# 125]
          
    |psi|^2 = 0.991
==== e(  47) =    -9.57526 eV ==== 
     psi = 0.079*[#  14]+0.079*[#  38]+0.079*[#  90]+0.079*[# 114]+0.060*[#  34]
          +0.060*[#  94]+0.052*[#  42]+0.052*[#  54]+0.052*[#  74]+0.052*[#  86]
          +0.031*[#  10]+0.031*[#  62]+0.031*[#  66]+0.031*[# 118]+0.019*[#  46]
          +0.019*[#  82]+0.017*[#   2]+0.017*[#  58]+0.017*[#  70]+0.017*[# 126]
          +0.013*[#  18]+0.013*[#  30]+0.013*[#  98]+0.013*[# 110]+0.010*[#  22]
          +0.010*[#  50]+0.010*[#  78]+0.010*[# 106]
    |psi|^2 = 0.974
==== e(  48) =    -9.50166 eV ==== 
     psi = 0.061*[#   3]+0.061*[#  59]+0.061*[#  71]+0.061*[# 127]+0.042*[# 129]
          +0.042*[# 133]+0.042*[# 136]+0.042*[# 140]+0.038*[#  36]+0.038*[#  96]
          +0.023*[#  23]+0.023*[#  51]+0.023*[#  79]+0.023*[# 107]+0.018*[#  11]
          +0.018*[#  63]+0.018*[#  67]+0.018*[# 119]+0.017*[#  15]+0.017*[#  39]
          +0.017*[#  91]+0.017*[# 115]+0.014*[#  19]+0.014*[#  31]+0.014*[#  99]
          +0.014*[# 111]+0.012*[# 141]+0.012*[# 142]+0.010*[#   7]+0.010*[#  27]
          +0.010*[# 103]+0.010*[# 123]+0.008*[#  44]+0.008*[#  56]+0.008*[#  76]
          +0.008*[#  88]+0.006*[#   4]+0.006*[#  60]+0.006*[#  72]+0.006*[# 128]
          +0.006*[#  45]+0.006*[#  81]+0.004*[#   8]+0.004*[#  28]+0.004*[# 104]
          +0.004*[# 124]+0.002*[#   9]+0.002*[#  61]+0.002*[#  65]+0.002*[# 117]
          +0.002*[#  20]+0.002*[#  32]+0.002*[# 100]+0.002*[# 112]+0.002*[#  13]
          +0.002*[#  33]+0.002*[#  37]+0.002*[#  89]+0.002*[#  93]+0.002*[# 113]
          +0.001*[#   5]+0.001*[#  17]+0.001*[#  25]+0.001*[#  29]+0.001*[#  43]
          +0.001*[#  55]+0.001*[#  75]+0.001*[#  87]+0.001*[#  97]+0.001*[# 109]
          
    |psi|^2 = 0.987
==== e(  49) =    -9.29341 eV ==== 
     psi = 0.068*[#  35]+0.068*[#  95]+0.038*[#  15]+0.038*[#  39]+0.038*[#  91]
          +0.038*[# 115]+0.034*[#   3]+0.034*[#  59]+0.034*[#  71]+0.034*[# 127]
          +0.029*[#  11]+0.029*[#  63]+0.029*[#  67]+0.029*[# 119]+0.016*[#  12]
          +0.016*[#  64]+0.016*[#  68]+0.016*[# 120]+0.015*[# 131]+0.015*[# 134]
          +0.015*[# 135]+0.015*[# 138]+0.012*[# 130]+0.012*[# 132]+0.012*[# 137]
          +0.012*[# 139]+0.011*[#  16]+0.011*[#  40]+0.011*[#  92]+0.011*[# 116]
          +0.010*[#   7]+0.010*[#  27]+0.010*[#  44]+0.010*[#  56]+0.010*[#  76]
          +0.010*[#  88]+0.010*[# 103]+0.010*[# 123]+0.009*[#  47]+0.009*[#  83]
          +0.008*[#  19]+0.008*[#  31]+0.008*[#  99]+0.008*[# 111]+0.006*[#  43]
          +0.006*[#  55]+0.006*[#  75]+0.006*[#  87]+0.005*[#   4]+0.005*[#  60]
          +0.005*[#  72]+0.005*[# 128]+0.005*[# 129]+0.005*[# 133]+0.005*[# 136]
          +0.005*[# 140]+0.003*[#   5]+0.003*[#  20]+0.003*[#  25]+0.003*[#  32]
          +0.003*[# 100]+0.003*[# 101]+0.003*[# 112]+0.003*[# 121]+0.001*[#  23]
          +0.001*[#  51]+0.001*[#  79]+0.001*[# 107]
    |psi|^2 = 0.994
==== e(  50) =    -9.24748 eV ==== 
     psi = 0.081*[#  36]+0.081*[#  96]+0.046*[# 141]+0.046*[# 142]+0.035*[#  20]
          +0.035*[#  32]+0.035*[# 100]+0.035*[# 112]+0.028*[#   7]+0.028*[#  27]
          +0.028*[# 103]+0.028*[# 123]+0.027*[#   4]+0.027*[#  60]+0.027*[#  72]
          +0.027*[# 128]+0.015*[#  44]+0.015*[#  56]+0.015*[#  76]+0.015*[#  88]
          +0.013*[# 130]+0.013*[# 132]+0.013*[# 137]+0.013*[# 139]+0.011*[#  12]
          +0.011*[#  15]+0.011*[#  39]+0.011*[#  64]+0.011*[#  68]+0.011*[#  91]
          +0.011*[# 115]+0.011*[# 120]+0.011*[#  16]+0.011*[#  40]+0.011*[#  92]
          +0.011*[# 116]+0.009*[# 129]+0.009*[# 133]+0.009*[# 136]+0.009*[# 140]
          +0.008*[# 131]+0.008*[# 134]+0.008*[# 135]+0.008*[# 138]+0.006*[#  23]
          +0.006*[#  51]+0.006*[#  79]+0.006*[# 107]+0.004*[#  19]+0.004*[#  31]
          +0.004*[#  99]+0.004*[# 111]+0.003*[#   3]+0.003*[#  59]+0.003*[#  71]
          +0.003*[# 127]
    |psi|^2 = 0.992
==== e(  51) =    -8.97269 eV ==== 
     psi = 0.078*[#   8]+0.078*[#  28]+0.078*[# 104]+0.078*[# 124]+0.031*[#  48]
          +0.031*[#  84]+0.029*[#   4]+0.029*[#  60]+0.029*[#  72]+0.029*[# 128]
          +0.027*[#  20]+0.027*[#  32]+0.027*[# 100]+0.027*[# 112]+0.018*[#  11]
          +0.018*[#  63]+0.018*[#  67]+0.018*[# 119]+0.016*[# 141]+0.016*[# 142]
          +0.015*[# 130]+0.015*[# 132]+0.015*[# 137]+0.015*[# 139]+0.014*[#  36]
          +0.014*[#  96]+0.013*[#  16]+0.013*[#  40]+0.013*[#  92]+0.013*[# 116]
          +0.008*[#  44]+0.008*[#  56]+0.008*[#  76]+0.008*[#  88]+0.006*[#   3]
          +0.006*[#  59]+0.006*[#  71]+0.006*[# 127]+0.005*[#  12]+0.005*[#  64]
          +0.005*[#  68]+0.005*[# 120]+0.004*[#  19]+0.004*[#  31]+0.004*[#  99]
          +0.004*[# 111]+0.004*[#  43]+0.004*[#  55]+0.004*[#  75]+0.004*[#  87]
          +0.003*[#  33]+0.003*[#  93]+0.003*[# 131]+0.003*[# 134]+0.003*[# 135]
          +0.003*[# 138]+0.002*[#  23]+0.002*[#  51]+0.002*[#  79]+0.002*[# 107]
          +0.002*[#   1]+0.002*[#  57]+0.002*[#  69]+0.002*[# 125]+0.002*[#  24]
          +0.002*[#  52]+0.002*[#  80]+0.002*[# 108]
    |psi|^2 = 0.993
==== e(  52) =    -8.85628 eV ==== 
     psi = 0.072*[#   6]+0.072*[#  26]+0.072*[# 102]+0.072*[# 122]+0.068*[#  46]
          +0.068*[#  82]+0.067*[#  18]+0.067*[#  30]+0.067*[#  98]+0.067*[# 110]
          +0.018*[#  42]+0.018*[#  54]+0.018*[#  74]+0.018*[#  86]+0.018*[#  34]
          +0.018*[#  94]+0.016*[#  22]+0.016*[#  50]+0.016*[#  78]+0.016*[# 106]
          +0.015*[#   2]+0.015*[#  58]+0.015*[#  70]+0.015*[# 126]+0.015*[#  14]
          +0.015*[#  38]+0.015*[#  90]+0.015*[# 114]
    |psi|^2 = 0.983
==== e(  53) =    -8.73248 eV ==== 
     psi = 0.056*[#   2]+0.056*[#  58]+0.056*[#  70]+0.056*[# 126]+0.052*[#  10]
          +0.052*[#  62]+0.052*[#  66]+0.052*[# 118]+0.048*[#  18]+0.048*[#  30]
          +0.048*[#  98]+0.048*[# 110]+0.039*[#  14]+0.039*[#  38]+0.039*[#  90]
          +0.039*[# 114]+0.027*[#  42]+0.027*[#  54]+0.027*[#  74]+0.027*[#  86]
          +0.018*[#  22]+0.018*[#  50]+0.018*[#  78]+0.018*[# 106]+0.005*[#   6]
          +0.005*[#  26]+0.005*[# 102]+0.005*[# 122]
    |psi|^2 = 0.983
==== e(  54) =    -8.64836 eV ==== 
     psi = 0.046*[#  12]+0.046*[#  64]+0.046*[#  68]+0.046*[# 120]+0.033*[#   7]
          +0.033*[#  27]+0.033*[# 103]+0.033*[# 123]+0.030*[# 131]+0.030*[# 134]
          +0.030*[# 135]+0.030*[# 138]+0.026*[#  20]+0.026*[#  32]+0.026*[# 100]
          +0.026*[# 112]+0.019*[#   4]+0.019*[#  60]+0.019*[#  72]+0.019*[# 128]
          +0.018*[#  44]+0.018*[#  56]+0.018*[#  76]+0.018*[#  88]+0.016*[#  15]
          +0.016*[#  39]+0.016*[#  91]+0.016*[# 115]+0.016*[# 130]+0.016*[# 132]
          +0.016*[# 137]+0.016*[# 139]+0.013*[#  19]+0.013*[#  31]+0.013*[#  99]
          +0.013*[# 111]+0.013*[#  16]+0.013*[#  40]+0.013*[#  92]+0.013*[# 116]
          +0.008*[# 129]+0.008*[# 133]+0.008*[# 136]+0.008*[# 140]+0.006*[#  47]
          +0.006*[#  83]+0.004*[#  11]+0.004*[#  63]+0.004*[#  67]+0.004*[# 119]
          +0.002*[#   3]+0.002*[#  59]+0.002*[#  71]+0.002*[# 127]+0.001*[#  23]
          +0.001*[#  51]+0.001*[#  79]+0.001*[# 107]
    |psi|^2 = 0.993
==== e(  55) =    -8.60685 eV ==== 
     psi = 0.040*[#  36]+0.040*[#  96]+0.039*[#  16]+0.039*[#  40]+0.039*[#  92]
          +0.039*[# 116]+0.037*[# 141]+0.037*[# 142]+0.037*[#  12]+0.037*[#  64]
          +0.037*[#  68]+0.037*[# 120]+0.030*[#  44]+0.030*[#  56]+0.030*[#  76]
          +0.030*[#  88]+0.029*[# 131]+0.029*[# 134]+0.029*[# 135]+0.029*[# 138]
          +0.016*[#   4]+0.016*[#  60]+0.016*[#  72]+0.016*[# 128]+0.015*[#  20]
          +0.015*[#  32]+0.015*[# 100]+0.015*[# 112]+0.014*[# 129]+0.014*[# 133]
          +0.014*[# 136]+0.014*[# 140]+0.008*[#  45]+0.008*[#  81]+0.006*[#  11]
          +0.006*[#  63]+0.006*[#  67]+0.006*[# 119]+0.004*[#  21]+0.004*[#  49]
          +0.004*[#  77]+0.004*[# 105]+0.004*[#   3]+0.004*[#  59]+0.004*[#  71]
          +0.004*[# 127]+0.003*[#  13]+0.003*[#  37]+0.003*[#  89]+0.003*[# 113]
          +0.003*[#  41]+0.003*[#  53]+0.003*[#  73]+0.003*[#  85]+0.001*[#  15]
          +0.001*[#  19]+0.001*[#  31]+0.001*[#  39]+0.001*[#  91]+0.001*[#  99]
          +0.001*[# 111]+0.001*[# 115]
    |psi|^2 = 0.992
==== e(  56) =    -8.38219 eV ==== 
     psi = 0.055*[#  35]+0.055*[#  95]+0.050*[#  15]+0.050*[#  39]+0.050*[#  91]
          +0.050*[# 115]+0.045*[#  11]+0.045*[#  63]+0.045*[#  67]+0.045*[# 119]
          +0.038*[#   3]+0.038*[#  59]+0.038*[#  71]+0.038*[# 127]+0.024*[#  47]
          +0.024*[#  83]+0.020*[# 129]+0.020*[# 133]+0.020*[# 136]+0.020*[# 140]
          +0.019*[#  23]+0.019*[#  51]+0.019*[#  79]+0.019*[# 107]+0.012*[#  43]
          +0.012*[#  55]+0.012*[#  75]+0.012*[#  87]+0.008*[#   8]+0.008*[#  19]
          +0.008*[#  28]+0.008*[#  31]+0.008*[#  99]+0.008*[# 104]+0.008*[# 111]
          +0.008*[# 124]+0.005*[#   7]+0.005*[#  27]+0.005*[# 103]+0.005*[# 123]
          +0.001*[#   5]+0.001*[#  25]+0.001*[# 101]+0.001*[# 121]
    |psi|^2 = 0.994
==== e(  57) =    -8.21127 eV ==== 
     psi = 0.053*[#   7]+0.053*[#  27]+0.053*[# 103]+0.053*[# 123]+0.051*[#  19]
          +0.051*[#  31]+0.051*[#  99]+0.051*[# 111]+0.038*[#  23]+0.038*[#  51]
          +0.038*[#  79]+0.038*[# 107]+0.034*[# 130]+0.034*[# 132]+0.034*[# 137]
          +0.034*[# 139]+0.013*[#  36]+0.013*[#  96]+0.012*[#  44]+0.012*[#  56]
          +0.012*[#  76]+0.012*[#  88]+0.011*[#   3]+0.011*[#  59]+0.011*[#  71]
          +0.011*[# 127]+0.011*[#  43]+0.011*[#  55]+0.011*[#  75]+0.011*[#  87]
          +0.010*[# 129]+0.010*[# 133]+0.010*[# 136]+0.010*[# 140]+0.005*[# 141]
          +0.005*[# 142]+0.005*[#  11]+0.005*[#  63]+0.005*[#  67]+0.005*[# 119]
          +0.003*[#  15]+0.003*[#  39]+0.003*[#  48]+0.003*[#  84]+0.003*[#  91]
          +0.003*[# 115]+0.002*[#  41]+0.002*[#  53]+0.002*[#  73]+0.002*[#  85]
          +0.002*[#  33]+0.002*[#  93]+0.002*[#  12]+0.002*[#  64]+0.002*[#  68]
          +0.002*[# 120]+0.001*[#  16]+0.001*[#  24]+0.001*[#  40]+0.001*[#  52]
          +0.001*[#  80]+0.001*[#  92]+0.001*[# 108]+0.001*[# 116]
    |psi|^2 = 0.993
==== e(  58) =    -8.09802 eV ==== 
     psi = 0.086*[#  34]+0.086*[#  94]+0.080*[#  46]+0.080*[#  82]+0.064*[#  14]
          +0.064*[#  38]+0.064*[#  90]+0.064*[# 114]+0.052*[#  10]+0.052*[#  62]
          +0.052*[#  66]+0.052*[# 118]+0.020*[#   2]+0.020*[#  58]+0.020*[#  70]
          +0.020*[# 126]+0.020*[#  22]+0.020*[#  50]+0.020*[#  78]+0.020*[# 106]
          +0.008*[#  42]+0.008*[#  54]+0.008*[#  74]+0.008*[#  86]
    |psi|^2 = 0.989
==== e(  59) =    -7.93504 eV ==== 
     psi = 0.046*[#  24]+0.046*[#  52]+0.046*[#  80]+0.046*[# 108]+0.040*[#   4]
          +0.040*[#  60]+0.040*[#  72]+0.040*[# 128]+0.036*[#  20]+0.036*[#  32]
          +0.036*[# 100]+0.036*[# 112]+0.026*[#   8]+0.026*[#  28]+0.026*[# 104]
          +0.026*[# 124]+0.020*[#  12]+0.020*[#  64]+0.020*[#  68]+0.020*[# 120]
          +0.020*[# 131]+0.020*[# 134]+0.020*[# 135]+0.020*[# 138]+0.016*[#  16]
          +0.016*[#  40]+0.016*[#  92]+0.016*[# 116]+0.014*[#  44]+0.014*[#  56]
          +0.014*[#  76]+0.014*[#  88]+0.010*[# 129]+0.010*[# 133]+0.010*[# 136]
          +0.010*[# 140]+0.007*[# 130]+0.007*[# 132]+0.007*[# 137]+0.007*[# 139]
          +0.005*[#  47]+0.005*[#  83]+0.004*[#  35]+0.004*[#  95]+0.003*[#  43]
          +0.003*[#  55]+0.003*[#  75]+0.003*[#  87]+0.002*[#  23]+0.002*[#  51]
          +0.002*[#  79]+0.002*[# 107]+0.001*[#  15]+0.001*[#  39]+0.001*[#  91]
          +0.001*[# 115]
    |psi|^2 = 0.994
==== e(  60) =    -7.64455 eV ==== 
     psi = 0.106*[#   6]+0.106*[#  26]+0.106*[# 102]+0.106*[# 122]+0.048*[#  14]
          +0.048*[#  38]+0.048*[#  90]+0.048*[# 114]+0.037*[#  42]+0.037*[#  54]
          +0.037*[#  74]+0.037*[#  86]+0.029*[#  10]+0.029*[#  62]+0.029*[#  66]
          +0.029*[# 118]+0.023*[#  18]+0.023*[#  30]+0.023*[#  98]+0.023*[# 110]
          +0.004*[#  22]+0.004*[#  50]+0.004*[#  78]+0.004*[# 106]
    |psi|^2 = 0.992
==== e(  61) =    -7.54100 eV ==== 
     psi = 0.085*[#  18]+0.085*[#  30]+0.085*[#  98]+0.085*[# 110]+0.072*[#   2]
          +0.072*[#  58]+0.072*[#  70]+0.072*[# 126]+0.047*[#  34]+0.047*[#  94]
          +0.021*[#  14]+0.021*[#  38]+0.021*[#  90]+0.021*[# 114]+0.013*[#   6]
          +0.013*[#  26]+0.013*[# 102]+0.013*[# 122]+0.011*[#  42]+0.011*[#  54]
          +0.011*[#  74]+0.011*[#  86]+0.010*[#  46]+0.010*[#  82]+0.010*[#  10]
          +0.010*[#  62]+0.010*[#  66]+0.010*[# 118]+0.007*[#  22]+0.007*[#  50]
          +0.007*[#  78]+0.007*[# 106]
    |psi|^2 = 0.993
==== e(  62) =    -7.30900 eV ==== 
     psi = 0.049*[#  43]+0.049*[#  55]+0.049*[#  75]+0.049*[#  87]+0.048*[#  47]
          +0.048*[#  83]+0.041*[#  23]+0.041*[#  51]+0.041*[#  79]+0.041*[# 107]
          +0.033*[#  19]+0.033*[#  31]+0.033*[#  99]+0.033*[# 111]+0.020*[#   7]
          +0.020*[#  27]+0.020*[# 103]+0.020*[# 123]+0.020*[#  35]+0.020*[#  95]
          +0.016*[#  11]+0.016*[#  63]+0.016*[#  67]+0.016*[# 119]+0.015*[#  15]
          +0.015*[#  39]+0.015*[#  91]+0.015*[# 115]+0.014*[# 130]+0.014*[# 132]
          +0.014*[# 137]+0.014*[# 139]+0.012*[# 129]+0.012*[# 133]+0.012*[# 136]
          +0.012*[# 140]+0.010*[#   3]+0.010*[#  59]+0.010*[#  71]+0.010*[# 127]
          +0.002*[#  20]+0.002*[#  32]+0.002*[# 100]+0.002*[# 112]+0.001*[#  12]
          +0.001*[#  64]+0.001*[#  68]+0.001*[# 120]
    |psi|^2 = 0.996
==== e(  63) =    -7.23037 eV ==== 
     psi = 0.058*[#  48]+0.058*[#  84]+0.043*[#  16]+0.043*[#  40]+0.043*[#  92]
          +0.043*[# 116]+0.040*[#  44]+0.040*[#  56]+0.040*[#  76]+0.040*[#  88]
          +0.037*[#  24]+0.037*[#  52]+0.037*[#  80]+0.037*[# 108]+0.023*[# 141]
          +0.023*[# 142]+0.018*[#  36]+0.018*[#  96]+0.016*[#   4]+0.016*[#  60]
          +0.016*[#  72]+0.016*[# 128]+0.015*[#  20]+0.015*[#  32]+0.015*[# 100]
          +0.015*[# 112]+0.015*[# 131]+0.015*[# 134]+0.015*[# 135]+0.015*[# 138]
          +0.014*[#  12]+0.014*[#  64]+0.014*[#  68]+0.014*[# 120]+0.006*[#   8]
          +0.006*[#  28]+0.006*[# 104]+0.006*[# 124]+0.006*[# 129]+0.006*[# 133]
          +0.006*[# 136]+0.006*[# 140]+0.002*[# 130]+0.002*[# 132]+0.002*[# 137]
          +0.002*[# 139]+0.002*[#  11]+0.002*[#  63]+0.002*[#  67]+0.002*[# 119]
          +0.002*[#  19]+0.002*[#  31]+0.002*[#  99]+0.002*[# 111]
    |psi|^2 = 0.996
==== e(  64) =    -7.12736 eV ==== 
     psi = 0.077*[#  22]+0.077*[#  50]+0.077*[#  78]+0.077*[# 106]+0.072*[#  10]
          +0.072*[#  62]+0.072*[#  66]+0.072*[# 118]+0.061*[#   2]+0.061*[#  58]
          +0.061*[#  70]+0.061*[# 126]+0.019*[#  42]+0.019*[#  54]+0.019*[#  74]
          +0.019*[#  86]+0.012*[#  14]+0.012*[#  38]+0.012*[#  90]+0.012*[# 114]
          +0.007*[#   6]+0.007*[#  26]+0.007*[# 102]+0.007*[# 122]+0.002*[#  18]
          +0.002*[#  30]+0.002*[#  98]+0.002*[# 110]
    |psi|^2 = 0.994
==== e(  65) =    -6.48407 eV ==== 
     psi = 0.079*[#  42]+0.079*[#  54]+0.079*[#  74]+0.079*[#  86]+0.069*[#  46]
          +0.069*[#  82]+0.053*[#  34]+0.053*[#  94]+0.045*[#  10]+0.045*[#  62]
          +0.045*[#  66]+0.045*[# 118]+0.029*[#  22]+0.029*[#  50]+0.029*[#  78]
          +0.029*[# 106]+0.014*[#  14]+0.014*[#  38]+0.014*[#  90]+0.014*[# 114]
          +0.010*[#  18]+0.010*[#  30]+0.010*[#  98]+0.010*[# 110]+0.010*[#   2]
          +0.010*[#  58]+0.010*[#  70]+0.010*[# 126]+0.002*[#   6]+0.002*[#  26]
          +0.002*[# 102]+0.002*[# 122]
    |psi|^2 = 0.997
==== e(  66) =    -6.37620 eV ==== 
     psi = 0.079*[#  18]+0.079*[#  30]+0.079*[#  98]+0.079*[# 110]+0.074*[#  14]
          +0.074*[#  38]+0.074*[#  90]+0.074*[# 114]+0.039*[#  42]+0.039*[#  54]
          +0.039*[#  74]+0.039*[#  86]+0.024*[#   2]+0.024*[#  58]+0.024*[#  70]
          +0.024*[# 126]+0.020*[#   6]+0.020*[#  26]+0.020*[# 102]+0.020*[# 122]
          +0.012*[#  10]+0.012*[#  62]+0.012*[#  66]+0.012*[# 118]
    |psi|^2 = 0.997
==== e(  67) =    -6.26554 eV ==== 
     psi = 0.128*[#   6]+0.128*[#  26]+0.128*[# 102]+0.128*[# 122]+0.053*[#  22]
          +0.053*[#  50]+0.053*[#  78]+0.053*[# 106]+0.029*[#  34]+0.029*[#  94]
          +0.029*[#  46]+0.029*[#  82]+0.021*[#   2]+0.021*[#  58]+0.021*[#  70]
          +0.021*[# 126]+0.013*[#  10]+0.013*[#  62]+0.013*[#  66]+0.013*[# 118]
          +0.005*[#  14]+0.005*[#  38]+0.005*[#  90]+0.005*[# 114]
    |psi|^2 = 0.996
==== e(  68) =    -5.91468 eV ==== 
     psi = 0.104*[#  46]+0.104*[#  82]+0.065*[#   2]+0.065*[#  58]+0.065*[#  70]
          +0.065*[# 126]+0.064*[#  34]+0.064*[#  94]+0.056*[#  22]+0.056*[#  50]
          +0.056*[#  78]+0.056*[# 106]+0.031*[#  10]+0.031*[#  62]+0.031*[#  66]
          +0.031*[# 118]+0.012*[#  14]+0.012*[#  38]+0.012*[#  90]+0.012*[# 114]
          
    |psi|^2 = 0.997
==== e(  69) =    -5.61000 eV ==== 
     psi = 0.072*[#  10]+0.072*[#  62]+0.072*[#  66]+0.072*[# 118]+0.071*[#  42]
          +0.071*[#  54]+0.071*[#  74]+0.071*[#  86]+0.048*[#  22]+0.048*[#  50]
          +0.048*[#  78]+0.048*[# 106]+0.036*[#   2]+0.036*[#  58]+0.036*[#  70]
          +0.036*[# 126]+0.017*[#  18]+0.017*[#  30]+0.017*[#  98]+0.017*[# 110]
          +0.004*[#   6]+0.004*[#  26]+0.004*[# 102]+0.004*[# 122]
    |psi|^2 = 0.997
==== e(  70) =    -5.16336 eV ==== 
     psi = 0.076*[#   6]+0.076*[#  26]+0.076*[# 102]+0.076*[# 122]+0.062*[#  14]
          +0.062*[#  38]+0.062*[#  90]+0.062*[# 114]+0.051*[#   2]+0.051*[#  58]
          +0.051*[#  70]+0.051*[# 126]+0.027*[#  42]+0.027*[#  54]+0.027*[#  74]
          +0.027*[#  86]+0.017*[#  22]+0.017*[#  50]+0.017*[#  78]+0.017*[# 106]
          +0.016*[#  18]+0.016*[#  30]+0.016*[#  98]+0.016*[# 110]
    |psi|^2 = 0.997
==== e(  71) =    -4.58968 eV ==== 
     psi = 0.129*[#  34]+0.129*[#  94]+0.057*[#  10]+0.057*[#  62]+0.057*[#  66]
          +0.057*[# 118]+0.049*[#  18]+0.049*[#  30]+0.049*[#  98]+0.049*[# 110]
          +0.027*[#   6]+0.027*[#  26]+0.027*[# 102]+0.027*[# 122]+0.025*[#  46]
          +0.025*[#  82]+0.018*[#   2]+0.018*[#  58]+0.018*[#  70]+0.018*[# 126]
          +0.014*[#  42]+0.014*[#  54]+0.014*[#  74]+0.014*[#  86]+0.004*[#  14]
          +0.004*[#  38]+0.004*[#  90]+0.004*[# 114]+0.003*[#  22]+0.003*[#  50]
          +0.003*[#  78]+0.003*[# 106]
    |psi|^2 = 0.995
==== e(  72) =    -2.66419 eV ==== 
     psi = 0.121*[#  34]+0.121*[#  94]+0.058*[#  10]+0.058*[#  62]+0.058*[#  66]
          +0.058*[# 118]+0.049*[#  18]+0.049*[#  30]+0.049*[#  98]+0.049*[# 110]
          +0.026*[#  46]+0.026*[#  82]+0.025*[#   6]+0.025*[#  26]+0.025*[# 102]
          +0.025*[# 122]+0.021*[#   2]+0.021*[#  58]+0.021*[#  70]+0.021*[# 126]
          +0.013*[#  42]+0.013*[#  54]+0.013*[#  74]+0.013*[#  86]+0.004*[#  22]
          +0.004*[#  50]+0.004*[#  78]+0.004*[# 106]+0.004*[#  14]+0.004*[#  38]
          +0.004*[#  90]+0.004*[# 114]
    |psi|^2 = 0.986
==== e(  73) =    -2.07877 eV ==== 
     psi = 0.078*[#   6]+0.078*[#  26]+0.078*[# 102]+0.078*[# 122]+0.060*[#  14]
          +0.060*[#  38]+0.060*[#  90]+0.060*[# 114]+0.048*[#   2]+0.048*[#  58]
          +0.048*[#  70]+0.048*[# 126]+0.026*[#  42]+0.026*[#  54]+0.026*[#  74]
          +0.026*[#  86]+0.018*[#  22]+0.018*[#  50]+0.018*[#  78]+0.018*[# 106]
          +0.015*[#  18]+0.015*[#  30]+0.015*[#  98]+0.015*[# 110]
    |psi|^2 = 0.979
==== e(  74) =    -1.72056 eV ==== 
     psi = 0.082*[#  42]+0.082*[#  54]+0.082*[#  74]+0.082*[#  86]+0.063*[#  10]
          +0.063*[#  62]+0.063*[#  66]+0.063*[# 118]+0.044*[#  22]+0.044*[#  50]
          +0.044*[#  78]+0.044*[# 106]+0.043*[#   2]+0.043*[#  58]+0.043*[#  70]
          +0.043*[# 126]+0.007*[#  18]+0.007*[#  30]+0.007*[#  98]+0.007*[# 110]
          +0.001*[#   6]+0.001*[#  26]+0.001*[# 102]+0.001*[# 122]
    |psi|^2 = 0.964
==== e(  75) =    -1.52748 eV ==== 
     psi = 0.120*[#  46]+0.120*[#  82]+0.080*[#  22]+0.080*[#  50]+0.080*[#  78]
          +0.080*[# 106]+0.045*[#   2]+0.045*[#  58]+0.045*[#  70]+0.045*[# 126]
          +0.031*[#  34]+0.031*[#  94]+0.018*[#  10]+0.018*[#  62]+0.018*[#  66]
          +0.018*[# 118]+0.012*[#   6]+0.012*[#  26]+0.012*[# 102]+0.012*[# 122]
          +0.007*[#  14]+0.007*[#  38]+0.007*[#  90]+0.007*[# 114]
    |psi|^2 = 0.951
==== e(  76) =    -1.09926 eV ==== 
     psi = 0.066*[#  42]+0.066*[#  54]+0.066*[#  74]+0.066*[#  86]+0.062*[#  46]
          +0.062*[#  82]+0.059*[#  34]+0.059*[#  94]+0.042*[#  10]+0.042*[#  62]
          +0.042*[#  66]+0.042*[# 118]+0.026*[#  22]+0.026*[#  50]+0.026*[#  78]
          +0.026*[# 106]+0.017*[#  14]+0.017*[#  38]+0.017*[#  90]+0.017*[# 114]
          +0.009*[#  18]+0.009*[#  30]+0.009*[#  98]+0.009*[# 110]+0.008*[#   2]
          +0.008*[#  58]+0.008*[#  70]+0.008*[# 126]+0.001*[#   6]+0.001*[#  26]
          +0.001*[# 102]+0.001*[# 122]
    |psi|^2 = 0.915
==== e(  77) =    -1.03213 eV ==== 
     psi = 0.083*[#  18]+0.083*[#  30]+0.083*[#  98]+0.083*[# 110]+0.067*[#  14]
          +0.067*[#  38]+0.067*[#  90]+0.067*[# 114]+0.022*[#   6]+0.022*[#  26]
          +0.022*[#  42]+0.022*[#  54]+0.022*[#  74]+0.022*[#  86]+0.022*[# 102]
          +0.022*[# 122]+0.020*[#  10]+0.020*[#  62]+0.020*[#  66]+0.020*[# 118]
          +0.015*[#   2]+0.015*[#  58]+0.015*[#  70]+0.015*[# 126]+0.004*[#  22]
          +0.004*[#  50]+0.004*[#  78]+0.004*[# 106]
    |psi|^2 = 0.934
==== e(  78) =    -0.88282 eV ==== 
     psi = 0.114*[#   6]+0.114*[#  26]+0.114*[# 102]+0.114*[# 122]+0.054*[#  34]
          +0.054*[#  94]+0.042*[#   2]+0.042*[#  58]+0.042*[#  70]+0.042*[# 126]
          +0.025*[#  10]+0.025*[#  62]+0.025*[#  66]+0.025*[# 118]+0.022*[#  22]
          +0.022*[#  50]+0.022*[#  78]+0.022*[# 106]+0.009*[#  14]+0.009*[#  38]
          +0.009*[#  90]+0.009*[# 114]+0.004*[#  46]+0.004*[#  82]
    |psi|^2 = 0.971
==== e(  79) =    -0.38378 eV ==== 
     psi = 0.013*[# 130]+0.013*[# 132]+0.013*[# 137]+0.013*[# 139]+0.013*[# 129]
          +0.013*[# 133]+0.013*[# 136]+0.013*[# 140]+0.012*[# 131]+0.012*[# 134]
          +0.012*[# 135]+0.012*[# 138]+0.010*[# 141]+0.010*[# 142]+0.003*[#  36]
          +0.003*[#  96]+0.002*[#  12]+0.002*[#  64]+0.002*[#  68]+0.002*[# 120]
          +0.002*[#   3]+0.002*[#   7]+0.002*[#  27]+0.002*[#  59]+0.002*[#  71]
          +0.002*[# 103]+0.002*[# 123]+0.002*[# 127]+0.002*[#   5]+0.002*[#  25]
          +0.002*[# 101]+0.002*[# 121]+0.001*[#   1]+0.001*[#   9]+0.001*[#  57]
          +0.001*[#  61]+0.001*[#  65]+0.001*[#  69]+0.001*[# 117]+0.001*[# 125]
          +0.001*[#  33]+0.001*[#  93]
    |psi|^2 = 0.233
==== e(  80) =    -0.20987 eV ==== 
     psi = 0.027*[# 132]+0.027*[# 137]+0.026*[# 130]+0.026*[# 139]+0.018*[# 133]
          +0.018*[# 136]+0.015*[# 129]+0.015*[# 140]+0.008*[# 134]+0.008*[# 135]
          +0.006*[# 131]+0.006*[# 138]+0.004*[#  25]+0.004*[# 101]+0.004*[#   5]
          +0.004*[# 121]+0.003*[#  27]+0.003*[# 103]+0.003*[#   7]+0.003*[#  57]
          +0.003*[#  69]+0.003*[# 123]+0.002*[#   1]+0.002*[# 125]+0.002*[#  59]
          +0.002*[#  71]+0.002*[#   3]+0.002*[#   8]+0.001*[#   4]+0.002*[#  28]
          +0.001*[#  60]+0.001*[#  72]+0.002*[# 104]+0.002*[# 124]+0.002*[# 127]
          +0.001*[# 128]+0.001*[#  61]+0.001*[#  65]+0.001*[#  64]+0.001*[#  68]
          
    |psi|^2 = 0.276
==== e(  81) =    -0.19744 eV ==== 
     psi = 0.023*[# 131]+0.023*[# 138]+0.021*[# 141]+0.021*[# 142]+0.021*[# 134]
          +0.021*[# 135]+0.014*[# 129]+0.014*[# 140]+0.011*[# 133]+0.011*[# 136]
          +0.005*[#  36]+0.005*[#  96]+0.004*[#   9]+0.004*[# 117]+0.004*[#  12]
          +0.004*[# 120]+0.004*[#  61]+0.004*[#  65]+0.003*[#  64]+0.003*[#  68]
          +0.003*[#  33]+0.003*[#  93]+0.002*[#   3]+0.002*[# 127]+0.002*[#   1]
          +0.002*[# 125]+0.002*[#  59]+0.002*[#  71]+0.002*[#  57]+0.002*[#  69]
          +0.002*[# 130]+0.002*[# 139]
    |psi|^2 = 0.253
==== e(  82) =    -0.07772 eV ==== 
     psi = 0.065*[#  22]+0.065*[#  50]+0.065*[#  78]+0.065*[# 106]+0.054*[#   2]
          +0.054*[#  58]+0.054*[#  70]+0.054*[# 126]+0.047*[#  10]+0.047*[#  62]
          +0.047*[#  66]+0.047*[# 118]+0.027*[#  42]+0.027*[#  54]+0.027*[#  74]
          +0.027*[#  86]+0.020*[#   6]+0.020*[#  26]+0.020*[# 102]+0.020*[# 122]
          +0.007*[#  18]+0.007*[#  30]+0.007*[#  98]+0.007*[# 110]+0.003*[#  14]
          +0.003*[#  38]+0.003*[#  90]+0.003*[# 114]
    |psi|^2 = 0.895
==== e(  83) =    -0.00913 eV ==== 
     psi = 0.018*[# 132]+0.018*[# 137]+0.013*[# 130]+0.013*[# 139]+0.012*[# 141]
          +0.012*[# 142]+0.009*[# 131]+0.009*[# 138]+0.005*[#  25]+0.005*[# 101]
          +0.004*[#   5]+0.004*[# 121]+0.003*[# 134]+0.003*[# 135]+0.003*[#  33]
          +0.003*[#  93]+0.002*[#   9]+0.002*[#  36]+0.002*[#  96]+0.002*[# 117]
          +0.002*[#   8]+0.002*[# 124]+0.002*[#  28]+0.002*[# 104]+0.002*[#  12]
          +0.002*[# 120]+0.002*[# 133]+0.002*[# 136]+0.001*[#  60]+0.001*[#  72]
          
    |psi|^2 = 0.172
==== e(  84) =     0.00015 eV ==== 
     psi = 0.018*[# 129]+0.018*[# 140]+0.017*[# 133]+0.017*[# 136]+0.016*[# 134]
          +0.016*[# 135]+0.009*[# 131]+0.009*[# 138]+0.005*[# 130]+0.005*[# 139]
          +0.005*[#   1]+0.005*[# 125]+0.004*[#  57]+0.004*[#  69]+0.004*[#  61]
          +0.004*[#  65]+0.003*[#  59]+0.003*[#  71]+0.002*[#   3]+0.002*[# 127]
          +0.002*[#   9]+0.002*[#  64]+0.002*[#  68]+0.002*[# 117]+0.001*[#   5]
          +0.001*[#   7]+0.001*[# 121]+0.001*[# 123]+0.001*[#  12]+0.001*[#  35]
          +0.001*[#  95]+0.001*[# 120]
    |psi|^2 = 0.197
==== e(  85) =     0.08367 eV ==== 
     psi = 0.001*[# 130]+0.001*[# 132]+0.001*[# 137]+0.001*[# 139]
    |psi|^2 = 0.013
==== e(  86) =     0.10886 eV ==== 
     psi = 0.014*[#   2]+0.014*[#  58]+0.014*[#  70]+0.014*[# 126]+0.009*[#  18]
          +0.009*[#  30]+0.009*[#  98]+0.009*[# 110]+0.006*[#  34]+0.006*[#  94]
          +0.005*[#  42]+0.005*[#  54]+0.005*[#  74]+0.005*[#  86]+0.003*[#   6]
          +0.003*[#  26]+0.003*[# 102]+0.003*[# 122]+0.003*[#  46]+0.003*[#  82]
          +0.002*[#  10]+0.002*[#  62]+0.002*[#  66]+0.002*[# 118]+0.002*[#  14]
          +0.002*[#  38]+0.002*[#  90]+0.002*[# 114]+0.001*[#  22]+0.001*[#  50]
          +0.001*[#  78]+0.001*[# 106]
    |psi|^2 = 0.160
==== e(  87) =     0.11100 eV ==== 
     psi = 0.003*[# 134]+0.003*[# 135]+0.003*[# 131]+0.003*[# 138]+0.002*[# 133]
          +0.002*[# 136]+0.002*[# 141]+0.002*[# 142]+0.002*[# 129]+0.002*[# 140]
          
    |psi|^2 = 0.038
==== e(  88) =     0.19407 eV ==== 
     psi = 0.005*[# 141]+0.005*[# 142]+0.004*[# 129]+0.004*[# 133]+0.004*[# 136]
          +0.004*[# 140]+0.002*[# 132]+0.002*[# 137]+0.002*[#  33]+0.002*[#  93]
          +0.002*[#   1]+0.002*[# 125]+0.002*[# 130]+0.002*[# 139]+0.002*[#  57]
          +0.002*[#  69]
    |psi|^2 = 0.058
==== e(  89) =     0.34961 eV ==== 
     psi = 0.030*[#  18]+0.030*[#  30]+0.030*[#  98]+0.030*[# 110]+0.029*[#   2]
          +0.029*[#  58]+0.029*[#  70]+0.029*[# 126]+0.016*[#  34]+0.016*[#  94]
          +0.006*[#   6]+0.006*[#  14]+0.006*[# 114]+0.006*[#  26]+0.006*[#  38]
          +0.006*[#  90]+0.006*[# 102]+0.006*[# 122]+0.004*[#  42]+0.004*[#  54]
          +0.004*[#  74]+0.004*[#  86]+0.004*[#  10]+0.004*[#  62]+0.004*[#  66]
          +0.004*[# 118]+0.004*[#  46]+0.004*[#  82]+0.003*[#  22]+0.003*[#  50]
          +0.003*[#  78]+0.003*[# 106]
    |psi|^2 = 0.372
==== e(  90) =     0.36871 eV ==== 
     psi = 0.014*[#  34]+0.014*[#  94]+0.008*[#  10]+0.008*[# 118]+0.008*[#  62]
          +0.008*[#  66]+0.007*[#  14]+0.007*[# 114]+0.006*[#  38]+0.006*[#  90]
          +0.004*[#  46]+0.004*[#  82]+0.004*[#  22]+0.004*[#  50]+0.004*[#  78]
          +0.004*[# 106]+0.001*[#   2]+0.001*[#  58]+0.001*[#  70]+0.001*[# 126]
          
    |psi|^2 = 0.116
==== e(  91) =     0.40338 eV ==== 
     psi = 0.007*[# 141]+0.007*[# 142]+0.004*[# 134]+0.004*[# 135]+0.003*[# 131]
          +0.003*[# 138]+0.002*[#  33]+0.002*[#  93]
    |psi|^2 = 0.046
==== e(  92) =     0.40865 eV ==== 
     psi = 0.018*[# 131]+0.018*[# 138]+0.016*[# 130]+0.016*[# 139]+0.015*[# 132]
          +0.015*[# 137]+0.014*[# 134]+0.014*[# 135]+0.006*[#   9]+0.006*[# 117]
          +0.005*[#   5]+0.005*[# 121]+0.005*[#  25]+0.005*[#  61]+0.005*[#  65]
          +0.005*[# 101]+0.004*[# 129]+0.004*[# 140]+0.004*[# 133]+0.004*[# 136]
          +0.003*[#   8]+0.003*[#  28]+0.003*[# 104]+0.003*[# 124]+0.002*[#  12]
          +0.002*[# 120]+0.002*[#  64]+0.002*[#  68]+0.001*[#   1]+0.001*[#  57]
          +0.001*[#  69]+0.001*[#   3]+0.001*[# 125]+0.001*[# 127]+0.001*[#  59]
          +0.001*[#  71]
    |psi|^2 = 0.228
==== e(  93) =     0.41008 eV ==== 
     psi = 0.005*[# 133]+0.005*[# 136]+0.003*[# 129]+0.003*[# 140]+0.002*[# 134]
          +0.002*[# 135]+0.002*[# 132]+0.002*[# 137]+0.001*[# 131]+0.001*[# 138]
          +0.001*[#  57]+0.001*[#  69]
    |psi|^2 = 0.039
==== e(  94) =     0.41994 eV ==== 
     psi = 0.003*[# 134]+0.003*[# 135]+0.003*[# 133]+0.003*[# 136]
    |psi|^2 = 0.024
==== e(  95) =     0.43009 eV ==== 
     psi = 0.004*[# 129]+0.004*[# 140]+0.002*[# 131]+0.002*[# 138]+0.001*[# 130]
          +0.001*[# 134]+0.001*[# 135]+0.001*[# 139]
    |psi|^2 = 0.027
==== e(  96) =     0.43345 eV ==== 
     psi = 0.006*[# 130]+0.006*[# 139]+0.005*[# 132]+0.005*[# 137]+0.004*[# 129]
          +0.004*[# 140]+0.002*[# 131]+0.002*[# 138]+0.002*[# 133]+0.002*[# 136]
          +0.001*[#   5]+0.001*[# 121]+0.001*[#  25]+0.001*[# 101]+0.001*[# 134]
          +0.001*[# 135]
    |psi|^2 = 0.060
==== e(  97) =     0.44880 eV ==== 
     psi = 0.002*[#  38]+0.002*[#  90]+0.002*[#  14]+0.002*[# 114]
    |psi|^2 = 0.016
==== e(  98) =     0.45009 eV ==== 
     psi = 0.005*[# 141]+0.005*[# 142]+0.003*[# 133]+0.003*[# 136]+0.002*[# 132]
          +0.002*[# 137]+0.002*[#  33]+0.002*[#  93]+0.002*[# 129]+0.002*[# 140]
          +0.001*[#  57]+0.001*[#  69]
    |psi|^2 = 0.047
==== e(  99) =     0.48380 eV ==== 
     psi = 0.006*[#  10]+0.006*[# 118]+0.005*[#  26]+0.005*[# 102]+0.004*[#  62]
          +0.004*[#  66]+0.004*[#  38]+0.004*[#  90]+0.004*[#   6]+0.004*[# 122]
          +0.002*[#  14]+0.002*[# 114]+0.002*[#  30]+0.002*[#  98]+0.002*[#  42]
          +0.002*[#  86]+0.001*[#   2]+0.001*[# 126]+0.001*[#  50]+0.001*[#  78]
          
    |psi|^2 = 0.066
==== e( 100) =     0.49467 eV ==== 
     psi = 0.002*[#  14]+0.002*[#  18]+0.002*[#  54]+0.002*[#  62]+0.002*[#  66]
          +0.002*[#  74]+0.002*[# 110]+0.002*[# 114]+0.002*[#   6]+0.002*[# 122]
          
    |psi|^2 = 0.024
==== e( 101) =     0.49595 eV ==== 
     psi = 0.002*[# 141]+0.002*[# 142]+0.002*[# 134]+0.002*[# 135]+0.001*[# 131]
          +0.001*[# 138]
    |psi|^2 = 0.024
==== e( 102) =     0.51203 eV ==== 

    |psi|^2 = 0.007
==== e( 103) =     0.54037 eV ==== 
     psi = 0.021*[#  18]+0.021*[# 110]+0.021*[#  30]+0.021*[#  98]+0.015*[#  58]
          +0.015*[#  70]+0.014*[#   2]+0.014*[# 126]+0.008*[#  34]+0.008*[#  94]
          +0.005*[#  14]+0.005*[# 114]+0.005*[#  38]+0.005*[#  90]+0.003*[#  46]
          +0.003*[#  82]+0.003*[#  62]+0.003*[#  66]+0.003*[#   6]+0.003*[# 122]
          +0.003*[#  10]+0.003*[# 118]+0.002*[#  26]+0.002*[# 102]+0.001*[#  42]
          +0.001*[#  54]+0.001*[#  74]+0.001*[#  86]+0.001*[#  22]
    |psi|^2 = 0.217
==== e( 104) =     0.65188 eV ==== 
     psi = 0.012*[# 129]+0.012*[# 140]+0.005*[# 130]+0.005*[# 139]+0.004*[#   1]
          +0.004*[# 125]+0.002*[# 132]+0.002*[# 137]+0.001*[#   5]+0.001*[#   7]
          +0.001*[# 121]+0.001*[# 123]+0.001*[#  25]+0.001*[# 101]+0.001*[# 133]
          +0.001*[# 136]+0.001*[# 141]+0.001*[# 142]
    |psi|^2 = 0.069
==== e( 105) =     0.66049 eV ==== 
     psi = 0.012*[# 133]+0.012*[# 136]+0.011*[# 141]+0.011*[# 142]+0.004*[#  57]
          +0.004*[#  69]+0.004*[#  33]+0.004*[#  93]+0.003*[# 129]+0.003*[# 140]
          +0.002*[# 132]+0.002*[# 137]+0.001*[#  36]+0.002*[#  63]+0.002*[#  67]
          +0.001*[#  96]+0.001*[#   1]+0.001*[# 125]
    |psi|^2 = 0.096
==== e( 106) =     0.69520 eV ==== 
     psi = 0.001*[#  47]+0.001*[#  83]+0.001*[# 132]+0.001*[# 137]
    |psi|^2 = 0.020
==== e( 107) =     0.71403 eV ==== 
     psi = 0.012*[# 141]+0.012*[# 142]+0.008*[# 129]+0.008*[# 140]+0.005*[# 133]
          +0.005*[# 136]+0.004*[#   1]+0.004*[#  33]+0.004*[#  93]+0.004*[# 125]
          +0.003*[# 130]+0.003*[# 139]+0.003*[# 132]+0.003*[# 137]+0.003*[#  57]
          +0.003*[#  69]+0.002*[#   5]+0.002*[#  36]+0.002*[#  96]+0.002*[# 121]
          +0.001*[#  11]+0.001*[# 119]+0.001*[#  25]+0.001*[#  63]+0.001*[#  67]
          +0.001*[# 101]+0.001*[# 134]+0.001*[# 135]
    |psi|^2 = 0.110
==== e( 108) =     0.71426 eV ==== 
     psi = 0.059*[#  26]+0.059*[# 102]+0.059*[#   6]+0.059*[# 122]+0.038*[#  38]
          +0.038*[#  90]+0.037*[#  10]+0.037*[#  14]+0.037*[# 114]+0.037*[# 118]
          +0.037*[#  62]+0.037*[#  66]+0.015*[#  42]+0.015*[#  86]+0.015*[#  54]
          +0.015*[#  74]+0.013*[#  30]+0.013*[#  98]+0.013*[#  18]+0.013*[# 110]
          +0.004*[#   2]+0.004*[# 126]+0.004*[#  58]+0.004*[#  70]
    |psi|^2 = 0.670
==== e( 109) =     0.76250 eV ==== 
     psi = 0.036*[#  34]+0.036*[#  94]+0.027*[#  46]+0.027*[#  82]+0.023*[#  14]
          +0.023*[# 114]+0.022*[#  38]+0.022*[#  90]+0.021*[#  10]+0.021*[# 118]
          +0.020*[#  62]+0.020*[#  66]+0.007*[#   2]+0.007*[# 126]+0.007*[#  58]
          +0.007*[#  70]+0.005*[#  50]+0.005*[#  78]+0.005*[#  22]+0.005*[# 106]
          +0.001*[#  54]+0.001*[#  74]+0.001*[#  42]+0.001*[#  86]
    |psi|^2 = 0.350
==== e( 110) =     0.80286 eV ==== 
     psi = 0.004*[# 133]+0.004*[# 136]+0.003*[# 129]+0.003*[# 140]+0.002*[# 141]
          +0.002*[# 142]+0.001*[#  33]+0.001*[#  93]+0.001*[#  57]+0.001*[#  69]
          
    |psi|^2 = 0.042
==== e( 111) =     0.87361 eV ==== 
     psi = 0.024*[# 131]+0.024*[# 138]+0.012*[# 134]+0.012*[# 135]+0.011*[# 130]
          +0.011*[# 139]+0.009*[#   9]+0.009*[# 117]+0.005*[#   5]+0.005*[# 121]
          +0.005*[#  61]+0.005*[#  65]+0.003*[#  12]+0.003*[# 120]+0.002*[#  35]
          +0.002*[#  95]+0.002*[# 129]+0.002*[# 140]+0.001*[#  64]+0.001*[#  68]
          +0.001*[#   3]+0.001*[#   4]+0.001*[#  15]+0.001*[# 115]+0.001*[# 127]
          +0.001*[# 128]
    |psi|^2 = 0.164
==== e( 112) =     0.88100 eV ==== 
     psi = 0.010*[#  18]+0.010*[# 110]+0.010*[#  30]+0.010*[#  98]+0.004*[#   2]
          +0.004*[#  58]+0.004*[#  70]+0.004*[# 126]+0.003*[#  34]+0.003*[#  94]
          +0.002*[#  14]+0.002*[#  38]+0.002*[#  90]+0.002*[# 114]+0.001*[#  10]
          +0.001*[#  62]+0.001*[#  66]
    |psi|^2 = 0.081
==== e( 113) =     0.88166 eV ==== 
     psi = 0.014*[# 132]+0.014*[# 137]+0.011*[# 134]+0.011*[# 135]+0.005*[#  25]
          +0.005*[# 101]+0.005*[# 133]+0.005*[# 136]+0.005*[# 130]+0.005*[# 139]
          +0.004*[#  61]+0.004*[#  65]+0.003*[# 129]+0.003*[# 140]+0.002*[#   1]
          +0.002*[#  57]+0.002*[#  69]+0.002*[# 125]+0.002*[#   8]+0.002*[#  28]
          +0.002*[# 104]+0.002*[# 124]+0.001*[#  59]+0.001*[#   5]+0.001*[#  64]
          +0.001*[#  68]+0.001*[#  71]+0.001*[# 121]
    |psi|^2 = 0.128
==== e( 114) =     0.91060 eV ==== 
     psi = 0.004*[# 132]+0.004*[# 137]+0.002*[# 130]+0.002*[# 139]
    |psi|^2 = 0.026
==== e( 115) =     0.94074 eV ==== 
     psi = 0.009*[# 134]+0.009*[# 135]+0.005*[# 133]+0.005*[# 136]+0.003*[#  61]
          +0.003*[#  65]+0.002*[# 130]+0.002*[# 139]+0.001*[#  57]+0.001*[#  64]
          +0.001*[#  68]+0.001*[#  69]+0.001*[# 129]+0.001*[# 140]
    |psi|^2 = 0.060
==== e( 116) =     0.95634 eV ==== 
     psi = 0.009*[# 131]+0.009*[# 138]+0.004*[# 129]+0.004*[# 140]+0.004*[# 132]
          +0.004*[# 137]+0.003*[# 130]+0.003*[# 139]+0.003*[#   9]+0.003*[# 117]
          +0.001*[#  12]+0.001*[# 120]
    |psi|^2 = 0.060
==== e( 117) =     1.02533 eV ==== 
     psi = 0.003*[# 132]+0.003*[# 137]+0.002*[# 141]+0.002*[# 142]
    |psi|^2 = 0.019
==== e( 118) =     1.02940 eV ==== 
     psi = 0.003*[#  38]+0.003*[#  90]+0.002*[#  14]+0.002*[# 114]+0.001*[#  42]
          +0.001*[#  86]+0.001*[#  22]+0.001*[#  62]+0.001*[#  66]
    |psi|^2 = 0.024
==== e( 119) =     1.04760 eV ==== 
     psi = 0.001*[# 130]+0.001*[# 139]+0.001*[# 132]+0.001*[# 137]
    |psi|^2 = 0.016
==== e( 120) =     1.04860 eV ==== 
     psi = 0.003*[# 130]+0.003*[# 139]+0.002*[# 129]+0.002*[# 140]
    |psi|^2 = 0.019

Lowdin Charges: 

     Atom #   1: total charge =   4.1215, s =  0.9627, 
     Atom #   1: total charge =   4.1215, p =  3.1587, pz=  0.9943, px=  1.1197, py=  1.0447, 
     Atom #   2: total charge =   4.1235, s =  0.9621, 
     Atom #   2: total charge =   4.1235, p =  3.1614, pz=  0.9974, px=  1.1014, py=  1.0627, 
     Atom #   3: total charge =   4.1218, s =  0.9631, 
     Atom #   3: total charge =   4.1218, p =  3.1587, pz=  0.9958, px=  1.0275, py=  1.1354, 
     Atom #   4: total charge =   3.9507, s =  0.9060, 
     Atom #   4: total charge =   3.9507, p =  3.0448, pz=  0.9797, px=  1.0390, py=  1.0261, 
     Atom #   5: total charge =   3.9528, s =  0.9076, 
     Atom #   5: total charge =   3.9528, p =  3.0452, pz=  0.9810, px=  1.0312, py=  1.0330, 
     Atom #   6: total charge =   3.9569, s =  0.9078, 
     Atom #   6: total charge =   3.9569, p =  3.0491, pz=  0.9813, px=  1.0345, py=  1.0332, 
     Atom #   7: total charge =   4.1235, s =  0.9621, 
     Atom #   7: total charge =   4.1235, p =  3.1614, pz=  0.9974, px=  1.1014, py=  1.0627, 
     Atom #   8: total charge =   3.9528, s =  0.9076, 
     Atom #   8: total charge =   3.9528, p =  3.0452, pz=  0.9810, px=  1.0312, py=  1.0330, 
     Atom #   9: total charge =   4.1273, s =  0.9629, 
     Atom #   9: total charge =   4.1273, p =  3.1644, pz=  1.0036, px=  1.0287, py=  1.1321, 
     Atom #  10: total charge =   3.9507, s =  0.9060, 
     Atom #  10: total charge =   3.9507, p =  3.0448, pz=  0.9797, px=  1.0390, py=  1.0261, 
     Atom #  11: total charge =   3.9586, s =  0.9076, 
     Atom #  11: total charge =   3.9586, p =  3.0509, pz=  0.9844, px=  1.0333, py=  1.0332, 
     Atom #  12: total charge =   3.9547, s =  0.9050, 
     Atom #  12: total charge =   3.9547, p =  3.0497, pz=  0.9812, px=  1.0361, py=  1.0325, 
     Atom #  13: total charge =   3.9569, s =  0.9078, 
     Atom #  13: total charge =   3.9569, p =  3.0491, pz=  0.9813, px=  1.0345, py=  1.0332, 
     Atom #  14: total charge =   3.9586, s =  0.9076, 
     Atom #  14: total charge =   3.9586, p =  3.0509, pz=  0.9844, px=  1.0333, py=  1.0332, 
     Atom #  15: total charge =   4.1215, s =  0.9627, 
     Atom #  15: total charge =   4.1215, p =  3.1587, pz=  0.9943, px=  1.1197, py=  1.0447, 
     Atom #  16: total charge =   4.1218, s =  0.9631, 
     Atom #  16: total charge =   4.1218, p =  3.1587, pz=  0.9958, px=  1.0275, py=  1.1354, 
     Atom #  17: total charge =   4.1218, s =  0.9631, 
     Atom #  17: total charge =   4.1218, p =  3.1587, pz=  0.9958, px=  1.0275, py=  1.1354, 
     Atom #  18: total charge =   4.1215, s =  0.9627, 
     Atom #  18: total charge =   4.1215, p =  3.1587, pz=  0.9943, px=  1.1197, py=  1.0447, 
     Atom #  19: total charge =   3.9586, s =  0.9076, 
     Atom #  19: total charge =   3.9586, p =  3.0509, pz=  0.9844, px=  1.0333, py=  1.0332, 
     Atom #  20: total charge =   3.9569, s =  0.9078, 
     Atom #  20: total charge =   3.9569, p =  3.0491, pz=  0.9813, px=  1.0345, py=  1.0332, 
     Atom #  21: total charge =   3.9547, s =  0.9050, 
     Atom #  21: total charge =   3.9547, p =  3.0497, pz=  0.9812, px=  1.0361, py=  1.0325, 
     Atom #  22: total charge =   3.9586, s =  0.9076, 
     Atom #  22: total charge =   3.9586, p =  3.0509, pz=  0.9844, px=  1.0333, py=  1.0332, 
     Atom #  23: total charge =   3.9507, s =  0.9060, 
     Atom #  23: total charge =   3.9507, p =  3.0448, pz=  0.9797, px=  1.0390, py=  1.0261, 
     Atom #  24: total charge =   4.1273, s =  0.9629, 
     Atom #  24: total charge =   4.1273, p =  3.1644, pz=  1.0036, px=  1.0287, py=  1.1321, 
     Atom #  25: total charge =   3.9528, s =  0.9076, 
     Atom #  25: total charge =   3.9528, p =  3.0452, pz=  0.9810, px=  1.0312, py=  1.0330, 
     Atom #  26: total charge =   4.1235, s =  0.9621, 
     Atom #  26: total charge =   4.1235, p =  3.1614, pz=  0.9974, px=  1.1014, py=  1.0627, 
     Atom #  27: total charge =   3.9569, s =  0.9078, 
     Atom #  27: total charge =   3.9569, p =  3.0491, pz=  0.9813, px=  1.0345, py=  1.0332, 
     Atom #  28: total charge =   3.9528, s =  0.9076, 
     Atom #  28: total charge =   3.9528, p =  3.0452, pz=  0.9810, px=  1.0312, py=  1.0330, 
     Atom #  29: total charge =   3.9507, s =  0.9060, 
     Atom #  29: total charge =   3.9507, p =  3.0448, pz=  0.9797, px=  1.0390, py=  1.0261, 
     Atom #  30: total charge =   4.1218, s =  0.9631, 
     Atom #  30: total charge =   4.1218, p =  3.1587, pz=  0.9958, px=  1.0275, py=  1.1354, 
     Atom #  31: total charge =   4.1235, s =  0.9621, 
     Atom #  31: total charge =   4.1235, p =  3.1614, pz=  0.9974, px=  1.1014, py=  1.0627, 
     Atom #  32: total charge =   4.1215, s =  0.9627, 
     Atom #  32: total charge =   4.1215, p =  3.1587, pz=  0.9943, px=  1.1197, py=  1.0447, 
     Atom #  33: total charge =   0.8007, s =  0.8007, 
     Atom #  33: total charge =   0.8007, p =  0.0000, pz=  0.0000, px=  0.0000, py=  0.0000, 
     Atom #  34: total charge =   0.8012, s =  0.8012, 
     Atom #  34: total charge =   0.8012, p =  0.0000, pz=  0.0000, px=  0.0000, py=  0.0000, 
     Atom #  35: total charge =   0.8007, s =  0.8007, 
     Atom #  35: total charge =   0.8007, p =  0.0000, pz=  0.0000, px=  0.0000, py=  0.0000, 
     Atom #  36: total charge =   0.8012, s =  0.8012, 
     Atom #  36: total charge =   0.8012, p =  0.0000, pz=  0.0000, px=  0.0000, py=  0.0000, 
     Atom #  37: total charge =   0.8007, s =  0.8007, 
     Atom #  37: total charge =   0.8007, p =  0.0000, pz=  0.0000, px=  0.0000, py=  0.0000, 
     Atom #  38: total charge =   0.8007, s =  0.8007, 
     Atom #  38: total charge =   0.8007, p =  0.0000, pz=  0.0000, px=  0.0000, py=  0.0000, 
     Atom #  39: total charge =   0.8007, s =  0.8007, 
     Atom #  39: total charge =   0.8007, p =  0.0000, pz=  0.0000, px=  0.0000, py=  0.0000, 
     Atom #  40: total charge =   0.8007, s =  0.8007, 
     Atom #  40: total charge =   0.8007, p =  0.0000, pz=  0.0000, px=  0.0000, py=  0.0000, 
     Atom #  41: total charge =   0.8012, s =  0.8012, 
     Atom #  41: total charge =   0.8012, p =  0.0000, pz=  0.0000, px=  0.0000, py=  0.0000, 
     Atom #  42: total charge =   0.8007, s =  0.8007, 
     Atom #  42: total charge =   0.8007, p =  0.0000, pz=  0.0000, px=  0.0000, py=  0.0000, 
     Atom #  43: total charge =   0.8012, s =  0.8012, 
     Atom #  43: total charge =   0.8012, p =  0.0000, pz=  0.0000, px=  0.0000, py=  0.0000, 
     Atom #  44: total charge =   0.8007, s =  0.8007, 
     Atom #  44: total charge =   0.8007, p =  0.0000, pz=  0.0000, px=  0.0000, py=  0.0000, 
     Atom #  45: total charge =   0.8083, s =  0.8083, 
     Atom #  45: total charge =   0.8083, p =  0.0000, pz=  0.0000, px=  0.0000, py=  0.0000, 
     Atom #  46: total charge =   0.8083, s =  0.8083, 
     Atom #  46: total charge =   0.8083, p =  0.0000, pz=  0.0000, px=  0.0000, py=  0.0000, 
     Spilling Parameter:   0.0131

     PROJWFC      :     18.71s CPU     25.73s WALL


   This run was terminated on:  19:27:35  10Jul2026            

=------------------------------------------------------------------------------=
   JOB DONE.
=------------------------------------------------------------------------------=
